oid,fountain_type,fountain_code,dog_friendly,amt,coordinates,open_map_address
1,ברזית גליל,B10,True,,"{'x': 34.78168861028828, 'y': 32.09422846652627}","1, כיכר היל, תל אביב - יפו, הצפון הישן - החלק הצפוני, תל אביב-יפו, נפת תל אביב, מחוז תל אביב, 6296802, ישראל"
2,ברזית גליל,B10,False,,"{'x': 34.805562077335956, 'y': 32.04960990970434}","5, מח""ל, נוה אליעזר וכפר שלם מזרח, תל אביב - יפו, כפר שלם, תל אביב-יפו, נפת תל אביב, מחוז תל אביב, 6767589, ישראל"
3,ברזית גליל,B10,False,,"{'x': 34.7647890287859, 'y': 32.05736549208236}","הרב מבכרך, פלורנטין, תל אביב - יפו, שבזי, תל אביב-יפו, נפת תל אביב, מחוז תל אביב, 6811834, ישראל"
4,ברזית גליל,B10,False,,"{'x': 34.79316557768716, 'y': 32.10308598304009}","1, חיים לבנון, רמת-אביב, תל אביב - יפו, אוניברסיטת תל אביב, תל אביב-יפו, נפת תל אביב, מחוז תל אביב, 6946032, ישראל"
5,ברזית גליל,B10,False,,"{'x': 34.8122885852579, 'y': 32.11750909663421}","1, תל ברוך, תל אביב - יפו, תל ברוך, תל אביב-יפו, נפת תל אביב, מחוז תל אביב, 4704356, ישראל"
6,ברזית גליל,B10,False,,"{'x': 34.832169212340936, 'y': 32.10974286500636}","1, הגולן, רמת החייל, תל אביב - יפו, ישגב, תל אביב-יפו, נפת תל אביב, מחוז תל אביב, 6971001, ישראל"
7,ברזית גליל,B10,False,,"{'x': 34.77031475439856, 'y': 32.07603282097873}","1, טבריה, הצפון הישן - החלק הדרומי, תל אביב - יפו, לב תל-אביב, תל אביב-יפו, נפת תל אביב, מחוז תל אביב, 6560475, ישראל"
8,ברזית גליל,B10,False,,"{'x': 34.77251431540986, 'y': 32.09363474415151}","1, נמל תל אביב, תל אביב - יפו, הצפון הישן - החלק הצפוני, תל אביב-יפו, נפת תל אביב, מחוז תל אביב, 6340506, ישראל"
9,ברזית גליל,B10,False,,"{'x': 34.74812115257374, 'y': 32.031312124258825}","1, זלמן מייזל, תל אביב - יפו, יפו, תל אביב-יפו, נפת תל אביב, מחוז תל אביב, 6806546, ישראל"
10,ברזיית עלה,B14,False,,"{'x': 34.816960296705496, 'y': 32.11096510643211}","הדר יוסף, הדר-יוסף, תל אביב - יפו, מעוז אביב ב, תל אביב-יפו, נפת תל אביב, מחוז תל אביב, 5259408, ישראל"
11,ברזיית עלה,B14,False,,"{'x': 34.775628935417295, 'y': 32.087179242400516}","1, מהר""ל, תל אביב - יפו, הצפון הישן - החלק הצפוני, תל אביב-יפו, נפת תל אביב, מחוז תל אביב, 6343527, ישראל"
12,קולר,B16,True,,"{'x': 34.78351236879182, 'y': 32.09986956812246}","1, בוני העיר, כוכב הצפון, תל אביב - יפו, הצפון החדש, תל אביב-יפו, נפת תל אביב, מחוז תל אביב, 6296802, ישראל"
13,ברזית גליל,B10,False,,"{'x': 34.78712530614225, 'y': 32.08481951528449}","2, תש״ח, הצפון החדש - סביבת ככר המדינה, תל אביב - יפו, הצפון החדש, תל אביב-יפו, נפת תל אביב, מחוז תל אביב, 6296802, ישראל"
14,ברזית גליל,B10,False,,"{'x': 34.78221986433542, 'y': 32.09028548510793}","2, עין גדי, תל אביב - יפו, הצפון הישן - החלק הצפוני, תל אביב-יפו, נפת תל אביב, מחוז תל אביב, 6296802, ישראל"
15,ברזית גליל,B10,False,,"{'x': 34.77574643729067, 'y': 32.042674658180324}","2, הלפיד, תל אביב - יפו, קרית שלום, תל אביב-יפו, נפת תל אביב, מחוז תל אביב, 6775393, ישראל"
16,ברזית גליל,B10,True,,"{'x': 34.77856103805132, 'y': 32.0780875686654}","2, שדרות מסריק, הצפון הישן - החלק הדרומי, תל אביב - יפו, גני שרונה, תל אביב-יפו, נפת תל אביב, מחוז תל אביב, 6473702, ישראל"
17,ברזית גליל,B10,False,,"{'x': 34.78130552697729, 'y': 32.041679796777125}","2, אופטושו, תל אביב - יפו, קרית שלום, תל אביב-יפו, נפת תל אביב, מחוז תל אביב, 6775393, ישראל"
18,ברזית גליל,B10,False,,"{'x': 34.76109700814253, 'y': 32.047726204500634}","המכללה האקדמית תל אביב יפו, רבנו ירוחם, תל אביב - יפו, יפו, תל אביב-יפו, נפת תל אביב, מחוז תל אביב, 6811156, ישראל"
19,ברזית גליל,B10,False,,"{'x': 34.80406838061252, 'y': 32.12702225952201}","מתנ""ס רוזין, יחיאל דב דרזנר, תל אביב - יפו, 'רמת אביב ג, תל אביב-יפו, נפת תל אביב, מחוז תל אביב, 4704356, ישראל"
20,ברזית גליל,B10,False,,"{'x': 34.81729336702403, 'y': 32.110222855922544}","2, הדר יוסף, הדר-יוסף, תל אביב - יפו, הדר יוסף, תל אביב-יפו, נפת תל אביב, מחוז תל אביב, 5259408, ישראל"
21,ברזית גליל,B10,False,,"{'x': 34.77564885754754, 'y': 32.04117903917468}","2, שדרות ישראל גורי, תל אביב - יפו, קרית שלום, תל אביב-יפו, נפת תל אביב, מחוז תל אביב, 6775393, ישראל"
22,ברזית גליל,B10,False,,"{'x': 34.74580212177199, 'y': 32.035523794071395}","1, שפתי ישנים, תל אביב - יפו, יפו, תל אביב-יפו, נפת תל אביב, מחוז תל אביב, 6806546, ישראל"
23,ברזית גליל,B10,False,,"{'x': 34.75705784770839, 'y': 32.05178525015294}","בעל הטורים, תל אביב - יפו, יפו, תל אביב-יפו, נפת תל אביב, מחוז תל אביב, 6803608, ישראל"
24,ברזית גליל,B10,False,,"{'x': 34.799901373264305, 'y': 32.051848051836004}","43, משה דיין, התקוה, תל אביב - יפו, נווה כפיר, תל אביב-יפו, נפת תל אביב, מחוז תל אביב, 6767589, ישראל"
25,ברזיה מרובעת,B11,False,,"{'x': 34.749886660947666, 'y': 32.05104477590585}","12, נמל יפו, תל אביב - יפו, עג'מי וגבעת עליה, תל אביב-יפו, נפת תל אביב, מחוז תל אביב, 6803608, ישראל"
26,ברזיית עלה,B14,False,,"{'x': 34.79838870147046, 'y': 32.06177445622034}","2, כביש תל אביב ירושלים, נווה שאנן, תל אביב - יפו, יד אליהו, תל אביב-יפו, נפת תל אביב, מחוז תל אביב, 6775393, ישראל"
27,ברזיית עלה,B14,False,,"{'x': 34.8068687565548, 'y': 32.04618426903833}","2, צוקרמן, נוה אליעזר וכפר שלם מזרח, תל אביב - יפו, כפר שלם, תל אביב-יפו, נפת תל אביב, מחוז תל אביב, 6767589, ישראל"
28,ברזית פטריה,B15,True,,"{'x': 34.792278139528726, 'y': 32.12467427427728}","8, קדושי השואה, תל אביב - יפו, צוקי אביב, תל אביב-יפו, נפת תל אביב, מחוז תל אביב, 6946032, ישראל"
29,קולר,B16,False,,"{'x': 34.76200315316447, 'y': 32.063114291331736}","2, יחזקאל קויפמן, תל אביב - יפו, נוה צדק, תל אביב-יפו, נפת תל אביב, מחוז תל אביב, 6812513, ישראל"
30,ברזית גליל,B10,False,,"{'x': 34.82870055034503, 'y': 32.11691379727565}","3, 2386, רביבים, תל אביב - יפו, רביבים, תל אביב-יפו, נפת תל אביב, מחוז תל אביב, 6971001, ישראל"
31,ברזית גליל,B10,False,,"{'x': 34.7858089778025, 'y': 32.05504887762078}","3, גוש עציון, יד אליהו, תל אביב - יפו, יד אליהו, תל אביב-יפו, נפת תל אביב, מחוז תל אביב, 6775393, ישראל"
32,ברזית גליל,B10,False,,"{'x': 34.79908090481084, 'y': 32.05447057485194}","5, הגיבור האלמוני, יד אליהו, תל אביב - יפו, נווה צה""ל, תל אביב-יפו, נפת תל אביב, מחוז תל אביב, 6767589, ישראל"
33,ברזית גליל,B10,False,,"{'x': 34.79893041054269, 'y': 32.07876506738406}","3, פאת השולחן, תל אביב - יפו, נחלת יצחק, תל אביב-יפו, נפת תל אביב, מחוז תל אביב, 5268101, ישראל"
34,ברזית גליל,B10,False,,"{'x': 34.79974912162818, 'y': 32.07466750377437}","3, ילקוט הרועים, תל אביב - יפו, נחלת יצחק, תל אביב-יפו, נפת תל אביב, מחוז תל אביב, 6492903, ישראל"
35,ברזיית עלה,B14,False,,"{'x': 34.7858089778025, 'y': 32.05504887762078}","3, גוש עציון, יד אליהו, תל אביב - יפו, יד אליהו, תל אביב-יפו, נפת תל אביב, מחוז תל אביב, 6775393, ישראל"
36,ברזיית עלה,B14,False,,"{'x': 34.78582930708153, 'y': 32.093445118441394}","3, אלעזר החורני, הצפון החדש - החלק הצפוני, תל אביב - יפו, הצפון החדש, תל אביב-יפו, נפת תל אביב, מחוז תל אביב, 6230231, ישראל"
37,ברזית גליל,B10,False,,"{'x': 34.82731901443267, 'y': 32.12084034207101}","4, מבוא גילת, גני צהלה, רמות צהלה, תל אביב - יפו, רמות צהלה, תל אביב-יפו, נפת תל אביב, מחוז תל אביב, 6962342, ישראל"
38,ברזית גליל,B10,False,,"{'x': 34.7855965290985, 'y': 32.08059261933618}","4, לסר אורי, הצפון החדש - החלק הדרומי, תל אביב - יפו, הצפון החדש, תל אביב-יפו, נפת תל אביב, מחוז תל אביב, 6296802, ישראל"
39,ברזית גליל,B10,False,,"{'x': 34.7555575224877, 'y': 32.04818927084991}","4, קיוסו אלברט, צהלון ושיכוני חסכון, תל אביב - יפו, יפו, תל אביב-יפו, נפת תל אביב, מחוז תל אביב, 6803608, ישראל"
40,ברזית גליל,B10,False,,"{'x': 34.778198335151714, 'y': 32.04926219979637}","4, מקור חיים, תל אביב - יפו, שפירא, תל אביב-יפו, נפת תל אביב, מחוז תל אביב, 6652434, ישראל"
41,ברזית גליל,B10,False,,"{'x': 34.75028976845498, 'y': 32.03479371165963}","4, עירית, תל אביב - יפו, יפו, תל אביב-יפו, נפת תל אביב, מחוז תל אביב, 6806546, ישראל"
42,ברזית גליל,B10,True,,"{'x': 34.79635902628428, 'y': 32.12058513170723}","4, רב אשי, נוה אביבים וסביבתה, תל אביב - יפו, נווה אביבים, תל אביב-יפו, נפת תל אביב, מחוז תל אביב, 6946032, ישראל"
43,ברזית גליל,B10,True,,"{'x': 34.814608914906394, 'y': 32.11284628181343}","4, קדש ברנע, מעוז אביב, תל אביב - יפו, מעוז אביב ב, תל אביב-יפו, נפת תל אביב, מחוז תל אביב, 4704356, ישראל"
44,ברזית גליל,B10,False,,"{'x': 34.77614820416504, 'y': 32.078665454504936}","4, רות, הצפון הישן - החלק הדרומי, תל אביב - יפו, גני שרונה, תל אביב-יפו, נפת תל אביב, מחוז תל אביב, 6473702, ישראל"
45,ברזית גליל,B10,False,,"{'x': 34.802673849356864, 'y': 32.12233886512792}","4, רקנאטי, אפקה, תל אביב - יפו, נווה אביבים, תל אביב-יפו, נפת תל אביב, מחוז תל אביב, 6946032, ישראל"
46,ברזיה מרובעת,B11,False,,"{'x': 34.791000635607986, 'y': 32.084588375819415}","4, חברה חדשה, הצפון החדש - סביבת ככר המדינה, תל אביב - יפו, הצפון החדש, תל אביב-יפו, נפת תל אביב, מחוז תל אביב, 6492903, ישראל"
47,ברזיה מרובעת,B11,False,,"{'x': 34.775408558645225, 'y': 32.04175114415255}","4, הקשת, תל אביב - יפו, קרית שלום, תל אביב-יפו, נפת תל אביב, מחוז תל אביב, 5822304, ישראל"
48,ברזיה מרובעת,B11,False,,"{'x': 34.79722022900035, 'y': 32.12138710854245}","4, רבינא, נוה אביבים וסביבתה, תל אביב - יפו, נווה אביבים, תל אביב-יפו, נפת תל אביב, מחוז תל אביב, 6946032, ישראל"
49,ברזיית עלה,B14,True,,"{'x': 34.788092643385355, 'y': 32.08086659278491}","4, פומבדיתא, הצפון החדש - החלק הדרומי, תל אביב - יפו, הצפון החדש, תל אביב-יפו, נפת תל אביב, מחוז תל אביב, 6423806, ישראל"
50,קולר,B16,True,,"{'x': 34.79635902628428, 'y': 32.12058513170723}","4, רב אשי, נוה אביבים וסביבתה, תל אביב - יפו, נווה אביבים, תל אביב-יפו, נפת תל אביב, מחוז תל אביב, 6946032, ישראל"
51,ברזית גליל,B10,False,,"{'x': 34.780783015452755, 'y': 32.07692409927085}","5, סימטת לטריס, הצפון הישן - החלק הדרומי, תל אביב - יפו, גני שרונה, תל אביב-יפו, נפת תל אביב, מחוז תל אביב, 6473702, ישראל"
52,ברזית גליל,B10,False,,"{'x': 34.778734650201095, 'y': 32.08681617708616}","5, אמסטרדם, תל אביב - יפו, הצפון הישן - החלק הצפוני, תל אביב-יפו, נפת תל אביב, מחוז תל אביב, 6343527, ישראל"
53,ברזית גליל,B10,False,,"{'x': 34.804863125279994, 'y': 32.12570197310752}","5, אליעזר קשאני, תל אביב - יפו, 'רמת אביב ג, תל אביב-יפו, נפת תל אביב, מחוז תל אביב, 4704356, ישראל"
54,ברזית גליל,B10,False,,"{'x': 34.84068785369021, 'y': 32.11990537671964}","5א, רמה, תל אביב - יפו, נוה שרת, תל אביב-יפו, נפת תל אביב, מחוז תל אביב, 6962343, ישראל"
55,ברזית גליל,B10,False,,"{'x': 34.80804236055398, 'y': 32.04721753899566}","5, תקוע, נוה אליעזר וכפר שלם מזרח, תל אביב - יפו, כפר שלם, תל אביב-יפו, נפת תל אביב, מחוז תל אביב, 6767589, ישראל"
56,ברזית גליל,B10,False,,"{'x': 34.78322029065547, 'y': 32.04944031395369}","5, גולומב, תל אביב - יפו, שפירא, תל אביב-יפו, נפת תל אביב, מחוז תל אביב, 6775393, ישראל"
57,ברזית גליל,B10,False,,"{'x': 34.78160230317561, 'y': 32.06555373049604}","5, סעדיה גאון, תל אביב - יפו, לב תל-אביב, תל אביב-יפו, נפת תל אביב, מחוז תל אביב, 6713701, ישראל"
58,ברזית גליל,B10,False,,"{'x': 34.79491913344511, 'y': 32.11356180017283}","5, ברגסון, נוה אביבים וסביבתה, תל אביב - יפו, נווה אביבים, תל אביב-יפו, נפת תל אביב, מחוז תל אביב, 6946032, ישראל"
59,ברזית גליל,B10,False,,"{'x': 34.81632220858638, 'y': 32.12349794695838}","5, אהרון בקר, תל ברוך צפון, תל אביב - יפו, תל ברוך צפון, תל אביב-יפו, נפת תל אביב, מחוז תל אביב, 4704356, ישראל"
60,ברזיית עלה,B14,False,,"{'x': 34.778734650201095, 'y': 32.08681617708616}","5, אמסטרדם, תל אביב - יפו, הצפון הישן - החלק הצפוני, תל אביב-יפו, נפת תל אביב, מחוז תל אביב, 6343527, ישראל"
61,ברזיית עלה,B14,False,,"{'x': 34.8117873130044, 'y': 32.04579421259042}","5, הרצפלד, תל אביב - יפו, ניר אביב, תל אביב-יפו, נפת תל אביב, מחוז תל אביב, 6767589, ישראל"
62,ברזית פטריה,B15,False,,"{'x': 34.76493145624859, 'y': 32.055280173159325}","5, אליפלט, פלורנטין, תל אביב - יפו, צפון יפו, תל אביב-יפו, נפת תל אביב, מחוז תל אביב, 6811834, ישראל"
63,ברזית גליל,B10,False,,"{'x': 34.79911274489074, 'y': 32.12472949440856}","6, אבא אחימאיר, תל אביב - יפו, 'רמת אביב ג, תל אביב-יפו, נפת תל אביב, מחוז תל אביב, 6946032, ישראל"
64,ברזית גליל,B10,False,,"{'x': 34.7944949823705, 'y': 32.11446953362913}","6, אנדרסן, נוה אביבים וסביבתה, תל אביב - יפו, נווה אביבים, תל אביב-יפו, נפת תל אביב, מחוז תל אביב, 6946032, ישראל"
65,ברזית גליל,B10,False,,"{'x': 34.80092000288662, 'y': 32.114269654386035}","6, הופיין, נוה אביבים וסביבתה, תל אביב - יפו, אוניברסיטת תל אביב, תל אביב-יפו, נפת תל אביב, מחוז תל אביב, 6946032, ישראל"
66,ברזית גליל,B10,False,,"{'x': 34.80370071040601, 'y': 32.04985939177892}","6, גבירטיג מרדכי, נוה ברבור, כפר שלם מערב, תל אביב - יפו, כפר שלם, תל אביב-יפו, נפת תל אביב, מחוז תל אביב, 6767589, ישראל"
67,ברזית גליל,B10,False,,"{'x': 34.82320866638362, 'y': 32.1100193110163}","6, קהילת יאסי, הדר-יוסף, תל אביב - יפו, הדר יוסף, תל אביב-יפו, נפת תל אביב, מחוז תל אביב, 5259408, ישראל"
68,ברזית גליל,B10,False,,"{'x': 34.81333910572732, 'y': 32.109661610936854}","6, רפידים, מעוז אביב, תל אביב - יפו, מעוז אביב ב, תל אביב-יפו, נפת תל אביב, מחוז תל אביב, 4704356, ישראל"
69,ברזית גליל,B10,False,,"{'x': 34.84049322047035, 'y': 32.11575505651203}","6, הדף היומי, תל אביב - יפו, נוה שרת, תל אביב-יפו, נפת תל אביב, מחוז תל אביב, 6971001, ישראל"
70,ברזית גליל,B10,False,,"{'x': 34.810959137173995, 'y': 32.047924666415135}","6, יעקב סלע, תל אביב - יפו, ניר אביב, תל אביב-יפו, נפת תל אביב, מחוז תל אביב, 6767589, ישראל"
71,ברזית גליל,B10,False,,"{'x': 34.79926218749842, 'y': 32.11398946191596}","6, בארט, נוה אביבים וסביבתה, תל אביב - יפו, אוניברסיטת תל אביב, תל אביב-יפו, נפת תל אביב, מחוז תל אביב, 6946032, ישראל"
72,ברזיה מרובעת,B11,False,,"{'x': 34.79911274489074, 'y': 32.12472949440856}","6, אבא אחימאיר, תל אביב - יפו, 'רמת אביב ג, תל אביב-יפו, נפת תל אביב, מחוז תל אביב, 6946032, ישראל"
73,ברזיה מרובעת,B11,False,,"{'x': 34.76189930177112, 'y': 32.06093610873304}","ברנט, תל אביב - יפו, נוה צדק, תל אביב-יפו, נפת תל אביב, מחוז תל אביב, 6811834, ישראל"
74,ברזיית עלה,B14,False,,"{'x': 34.79911274489074, 'y': 32.12472949440856}","6, אבא אחימאיר, תל אביב - יפו, 'רמת אביב ג, תל אביב-יפו, נפת תל אביב, מחוז תל אביב, 6946032, ישראל"
75,ברזיית עלה,B14,False,,"{'x': 34.7981527835142, 'y': 32.06558433319837}","6, טביוב, תל אביב - יפו, ביצרון ורמת ישראל, תל אביב-יפו, נפת תל אביב, מחוז תל אביב, 6777517, ישראל"
76,ברזיית עלה,B14,False,,"{'x': 34.81333910572732, 'y': 32.109661610936854}","6, רפידים, מעוז אביב, תל אביב - יפו, מעוז אביב ב, תל אביב-יפו, נפת תל אביב, מחוז תל אביב, 4704356, ישראל"
77,קולר,B16,False,,"{'x': 34.79579156325336, 'y': 32.12439559432454}","6א, אברהם בויאר, תל אביב - יפו, 'רמת אביב ג, תל אביב-יפו, נפת תל אביב, מחוז תל אביב, 6946032, ישראל"
78,קולר,B16,False,,"{'x': 34.79579156325336, 'y': 32.12439559432454}","6א, אברהם בויאר, תל אביב - יפו, 'רמת אביב ג, תל אביב-יפו, נפת תל אביב, מחוז תל אביב, 6946032, ישראל"
79,ברזית גליל,B10,False,,"{'x': 34.77673348548312, 'y': 32.09067458217676}","7, מנדלשטם, תל אביב - יפו, הצפון הישן - החלק הצפוני, תל אביב-יפו, נפת תל אביב, מחוז תל אביב, 6296802, ישראל"
80,ברזית גליל,B10,False,,"{'x': 34.79937426967896, 'y': 32.09621254254022}","7, ירושלמי, תל אביב - יפו, בבלי, תל אביב-יפו, נפת תל אביב, מחוז תל אביב, 5268104, ישראל"
81,ברזית גליל,B10,False,,"{'x': 34.797747146783195, 'y': 32.06907957856357}","7, שביל גוטלובר, תל אביב - יפו, ביצרון ורמת ישראל, תל אביב-יפו, נפת תל אביב, מחוז תל אביב, 6492903, ישראל"
82,ברזית גליל,B10,False,,"{'x': 34.764037861774455, 'y': 32.04282249339648}","7, צונץ, תל אביב - יפו, יפו, תל אביב-יפו, נפת תל אביב, מחוז תל אביב, 6811156, ישראל"
83,ברזית גליל,B10,False,,"{'x': 34.75478193447535, 'y': 32.04870096695377}","7, קיוסו אלברט, צהלון ושיכוני חסכון, תל אביב - יפו, יפו, תל אביב-יפו, נפת תל אביב, מחוז תל אביב, 6803608, ישראל"
84,ברזית גליל,B10,False,,"{'x': 34.78122353528005, 'y': 32.04600009188883}","7, הכינור, תל אביב - יפו, קרית שלום, תל אביב-יפו, נפת תל אביב, מחוז תל אביב, 6775393, ישראל"
85,ברזית גליל,B10,False,,"{'x': 34.76764003866463, 'y': 32.062300389630344}","7, ראשונים, תל אביב - יפו, נוה צדק, תל אביב-יפו, נפת תל אביב, מחוז תל אביב, 6812526, ישראל"
86,ברזית גליל,B10,False,,"{'x': 34.75478193447535, 'y': 32.04870096695377}","7, קיוסו אלברט, צהלון ושיכוני חסכון, תל אביב - יפו, יפו, תל אביב-יפו, נפת תל אביב, מחוז תל אביב, 6803608, ישראל"
87,ברזית גליל,B10,False,,"{'x': 34.77524266686945, 'y': 32.082108912339336}","8, גוטליב, הצפון הישן - החלק הדרומי, תל אביב - יפו, הצפון החדש, תל אביב-יפו, נפת תל אביב, מחוז תל אביב, 6439505, ישראל"
88,ברזית גליל,B10,True,,"{'x': 34.77703269042236, 'y': 32.09290553589575}","8, מלאכי, תל אביב - יפו, הצפון הישן - החלק הצפוני, תל אביב-יפו, נפת תל אביב, מחוז תל אביב, 6340506, ישראל"
89,ברזית גליל,B10,False,,"{'x': 34.79773716483921, 'y': 32.0771852239222}","8, טירת צבי, תל אביב - יפו, נחלת יצחק, תל אביב-יפו, נפת תל אביב, מחוז תל אביב, 6492903, ישראל"
90,ברזית גליל,B10,False,,"{'x': 34.75349521987605, 'y': 32.032063845563876}","8, גלעינית, תל אביב - יפו, יפו, תל אביב-יפו, נפת תל אביב, מחוז תל אביב, 5850907, ישראל"
91,ברזית גליל,B10,True,,"{'x': 34.80628749196819, 'y': 32.12355175936125}","8, שמואל ברקאי, אפקה, תל אביב - יפו, 'רמת אביב ג, תל אביב-יפו, נפת תל אביב, מחוז תל אביב, 4704356, ישראל"
92,ברזית גליל,B10,False,,"{'x': 34.773913368151455, 'y': 32.04173001553919}","8, משגב עם, תל אביב - יפו, קרית שלום, תל אביב-יפו, נפת תל אביב, מחוז תל אביב, 5822304, ישראל"
93,ברזית גליל,B10,False,,"{'x': 34.74440928071181, 'y': 32.034548899178624}","8, בת ים, תל אביב - יפו, יפו, תל אביב-יפו, נפת תל אביב, מחוז תל אביב, 5960403, ישראל"
94,ברזית גליל,B10,False,,"{'x': 34.79072167923055, 'y': 32.071469271417506}","8, משה איסרליש, מונטיפיורי, תל אביב - יפו, ביצרון, תל אביב-יפו, נפת תל אביב, מחוז תל אביב, 6701203, ישראל"
95,ברזית גליל,B10,True,,"{'x': 34.786381450989495, 'y': 32.083272257052236}","8, בארי, הצפון החדש - החלק הדרומי, תל אביב - יפו, הצפון החדש, תל אביב-יפו, נפת תל אביב, מחוז תל אביב, 6296802, ישראל"
96,ברזיה מרובעת,B11,False,,"{'x': 34.78535156131882, 'y': 32.09159064884559}","8, לואי מרשל, הצפון החדש - החלק הצפוני, תל אביב - יפו, הצפון החדש, תל אביב-יפו, נפת תל אביב, מחוז תל אביב, 6296802, ישראל"
97,ברזיה מרובעת,B11,True,,"{'x': 34.783916378331256, 'y': 32.074598624829896}","8, דובנוב, גני שרונה, תל אביב - יפו, גני שרונה, תל אביב-יפו, נפת תל אביב, מחוז תל אביב, 6473702, ישראל"
98,ברזיה מרובעת,B11,True,,"{'x': 34.7929423805456, 'y': 32.1243587459475}","8, אליהו ברלין, תל אביב - יפו, צוקי אביב, תל אביב-יפו, נפת תל אביב, מחוז תל אביב, 6946032, ישראל"
99,ברזית גליל,B10,False,,"{'x': 34.82294272304885, 'y': 32.11788065557933}","9, ויינשל, 'נאות אפקה ב, תל אביב - יפו, נאות אפקה ב, תל אביב-יפו, נפת תל אביב, מחוז תל אביב, 4704356, ישראל"
100,ברזית גליל,B10,False,,"{'x': 34.81159445453234, 'y': 32.050045994776376}","9, מעפילי אגוז, תל אביב - יפו, נוה חן, תל אביב-יפו, נפת תל אביב, מחוז תל אביב, 6767589, ישראל"
101,ברזית גליל,B10,False,,"{'x': 34.757709831815085, 'y': 32.03900155990674}","9, נחל הבשור, תל אביב - יפו, יפו, תל אביב-יפו, נפת תל אביב, מחוז תל אביב, 6807644, ישראל"
102,ברזית גליל,B10,False,,"{'x': 34.769927194147556, 'y': 32.0826439889289}","9, י. ל. גורדון, הצפון הישן - החלק הדרומי, תל אביב - יפו, גני שרונה, תל אביב-יפו, נפת תל אביב, מחוז תל אביב, 6343527, ישראל"
103,ברזית גליל,B10,False,,"{'x': 34.779155950655095, 'y': 32.045406305589495}","9, הקנאים, תל אביב - יפו, קרית שלום, תל אביב-יפו, נפת תל אביב, מחוז תל אביב, 6775393, ישראל"
104,ברזית גליל,B10,True,,"{'x': 34.79210538927799, 'y': 32.11938776393207}","9, אריה דולצ'ין, נופי ים, תל אביב - יפו, רמת אביב החדשה, תל אביב-יפו, נפת תל אביב, מחוז תל אביב, 6946032, ישראל"
105,ברזית גליל,B10,False,,"{'x': 34.79695083641857, 'y': 32.105306037575595}","9, ברודצקי, רמת-אביב, תל אביב - יפו, אוניברסיטת תל אביב, תל אביב-יפו, נפת תל אביב, מחוז תל אביב, 6946032, ישראל"
106,קולר,B16,True,,"{'x': 34.785750499582036, 'y': 32.077888189030475}","10, ברקוביץ, הצפון החדש - החלק הדרומי, תל אביב - יפו, גני שרונה, תל אביב-יפו, נפת תל אביב, מחוז תל אביב, 6473702, ישראל"
107,ברזית גליל,B10,True,,"{'x': 34.78589637872763, 'y': 32.07805733229293}","10, ברקוביץ, הצפון החדש - החלק הדרומי, תל אביב - יפו, גני שרונה, תל אביב-יפו, נפת תל אביב, מחוז תל אביב, 6473702, ישראל"
108,ברזית גליל,B10,False,,"{'x': 34.81111418725842, 'y': 32.056852056643145}","10, עודד, תל אביב - יפו, רמת הטייסים, תל אביב-יפו, נפת תל אביב, מחוז תל אביב, 6767589, ישראל"
109,ברזית גליל,B10,False,,"{'x': 34.79012968217004, 'y': 32.10354980631477}","10, בראלי, שכונת למד, תל אביב - יפו, אוניברסיטת תל אביב, תל אביב-יפו, נפת תל אביב, מחוז תל אביב, 6946032, ישראל"
110,ברזית גליל,B10,False,,"{'x': 34.79825892364319, 'y': 32.07036092228567}","10, שביל בן זאב, תל אביב - יפו, ביצרון ורמת ישראל, תל אביב-יפו, נפת תל אביב, מחוז תל אביב, 6492903, ישראל"
111,ברזית גליל,B10,False,,"{'x': 34.77318722126936, 'y': 32.04614855629696}","לבון, פארק החורשות, תל אביב - יפו, קרית שלום, תל אביב-יפו, נפת תל אביב, מחוז תל אביב, 6652434, ישראל"
112,ברזית גליל,B10,False,,"{'x': 34.779336398119895, 'y': 32.088953879367956}","10, שדרות היוצ''ר, תל אביב - יפו, הצפון הישן - החלק הצפוני, תל אביב-יפו, נפת תל אביב, מחוז תל אביב, 6296802, ישראל"
113,ברזית גליל,B10,False,,"{'x': 34.748258188621584, 'y': 32.03089800011451}","10, זלמן מייזל, תל אביב - יפו, יפו, תל אביב-יפו, נפת תל אביב, מחוז תל אביב, 6806546, ישראל"
114,ברזית גליל,B10,False,,"{'x': 34.75854338605397, 'y': 32.03336984271016}","10, סומקן, תל אביב - יפו, יפו, תל אביב-יפו, נפת תל אביב, מחוז תל אביב, 6807644, ישראל"
115,ברזית גליל,B10,False,,"{'x': 34.768384024762646, 'y': 32.07004861188354}","10, רבן גמליאל, כרם התימנים, תל אביב - יפו, שבזי, תל אביב-יפו, נפת תל אביב, מחוז תל אביב, 6560475, ישראל"
116,ברזית גליל,B10,False,,"{'x': 34.79588714154735, 'y': 32.12316947040878}","10, אברהם בויאר, תל אביב - יפו, 'רמת אביב ג, תל אביב-יפו, נפת תל אביב, מחוז תל אביב, 6946032, ישראל"
117,ברזית גליל,B10,False,,"{'x': 34.79012968217004, 'y': 32.10354980631477}","10, בראלי, שכונת למד, תל אביב - יפו, אוניברסיטת תל אביב, תל אביב-יפו, נפת תל אביב, מחוז תל אביב, 6946032, ישראל"
118,ברזיה מרובעת,B11,False,,"{'x': 34.79691720187207, 'y': 32.06227739712991}","Bat Zion Community Center, משעול שירה, יד אליהו, תל אביב - יפו, יד אליהו, תל אביב-יפו, נפת תל אביב, מחוז תל אביב, 6777517, ישראל"
119,ברזיית עלה,B14,False,,"{'x': 34.79818793910463, 'y': 32.10515375001536}","10, גרונימן, רמת-אביב, תל אביב - יפו, אוניברסיטת תל אביב, תל אביב-יפו, נפת תל אביב, מחוז תל אביב, 6946032, ישראל"
120,קולר,B16,False,,"{'x': 34.77318722126936, 'y': 32.04614855629696}","לבון, פארק החורשות, תל אביב - יפו, קרית שלום, תל אביב-יפו, נפת תל אביב, מחוז תל אביב, 6652434, ישראל"
121,קולר,B16,False,,"{'x': 34.78918372861981, 'y': 32.05985341915363}","10, וינגייט, יד אליהו, תל אביב - יפו, יד אליהו, תל אביב-יפו, נפת תל אביב, מחוז תל אביב, 6777517, ישראל"
122,ברזית גליל,B10,True,,"{'x': 34.79206846378627, 'y': 32.07966908731531}","11, דפנה, הצפון החדש - החלק הדרומי, תל אביב - יפו, הצפון החדש, תל אביב-יפו, נפת תל אביב, מחוז תל אביב, 5268101, ישראל"
123,ברזית גליל,B10,False,,"{'x': 34.821424330520536, 'y': 32.11946396947873}","14, לאה, 'נאות אפקה ב, תל אביב - יפו, נאות אפקה ב, תל אביב-יפו, נפת תל אביב, מחוז תל אביב, 4704356, ישראל"
124,ברזית גליל,B10,True,,"{'x': 34.842846432005956, 'y': 32.12051758472835}","11, כורזים, תל אביב - יפו, נוה שרת, תל אביב-יפו, נפת תל אביב, מחוז תל אביב, 6962343, ישראל"
125,ברזית גליל,B10,False,,"{'x': 34.79992945518183, 'y': 32.11633820626246}","11, מוריץ דניאל, נוה אביבים וסביבתה, תל אביב - יפו, נווה אביבים, תל אביב-יפו, נפת תל אביב, מחוז תל אביב, 6946032, ישראל"
126,ברזית גליל,B10,False,,"{'x': 34.7963897961621, 'y': 32.12792052242672}","11, משה ברזני, תל אביב - יפו, 'רמת אביב ג, תל אביב-יפו, נפת תל אביב, מחוז תל אביב, 6946032, ישראל"
127,ברזית גליל,B10,False,,"{'x': 34.76356955332412, 'y': 32.0431460791288}","11, צונץ, תל אביב - יפו, יפו, תל אביב-יפו, נפת תל אביב, מחוז תל אביב, 6811156, ישראל"
128,ברזית גליל,B10,False,,"{'x': 34.79573392898312, 'y': 32.04916601215157}","16, מצובה, התקוה, תל אביב - יפו, בית יעקב, תל אביב-יפו, נפת תל אביב, מחוז תל אביב, 6775393, ישראל"
129,ברזית גליל,B10,False,,"{'x': 34.77637702993948, 'y': 32.09007524201451}","11, גריזים, תל אביב - יפו, הצפון הישן - החלק הצפוני, תל אביב-יפו, נפת תל אביב, מחוז תל אביב, 6296802, ישראל"
130,ברזית גליל,B10,False,,"{'x': 34.779809733727504, 'y': 32.09525782018492}","11, אוסישקין, תל אביב - יפו, הצפון הישן - החלק הצפוני, תל אביב-יפו, נפת תל אביב, מחוז תל אביב, 6340506, ישראל"
131,ברזיה מרובעת,B11,False,,"{'x': 34.81339653614716, 'y': 32.049140474930084}","11, אליעזר לבונה, תל אביב - יפו, ניר אביב, תל אביב-יפו, נפת תל אביב, מחוז תל אביב, 6767589, ישראל"
132,ברזיית עלה,B14,False,,"{'x': 34.7963897961621, 'y': 32.12792052242672}","11, משה ברזני, תל אביב - יפו, 'רמת אביב ג, תל אביב-יפו, נפת תל אביב, מחוז תל אביב, 6946032, ישראל"
133,ברזית גליל,B10,False,,"{'x': 34.79643237890374, 'y': 32.09500470989484}","12, הרב הרצוג, תל אביב - יפו, בבלי, תל אביב-יפו, נפת תל אביב, מחוז תל אביב, 5268104, ישראל"
134,ברזית גליל,B10,True,,"{'x': 34.78732595620328, 'y': 32.08859520827429}","12, בילטמור, הצפון החדש - סביבת ככר המדינה, תל אביב - יפו, הצפון החדש, תל אביב-יפו, נפת תל אביב, מחוז תל אביב, 6296802, ישראל"
135,ברזית גליל,B10,False,,"{'x': 34.79735420176422, 'y': 32.05214294598882}","12, אלוף, התקוה, תל אביב - יפו, נווה צה""ל, תל אביב-יפו, נפת תל אביב, מחוז תל אביב, 6767589, ישראל"
136,ברזית גליל,B10,True,,"{'x': 34.8129233376528, 'y': 32.11743097315263}","12א, מגדל שורשן, תל ברוך, תל אביב - יפו, תל ברוך, תל אביב-יפו, נפת תל אביב, מחוז תל אביב, 4704356, ישראל"
137,ברזית גליל,B10,False,,"{'x': 34.832820992219496, 'y': 32.1234729074863}","12, אהוד, גני צהלה, רמות צהלה, תל אביב - יפו, צהלה, תל אביב-יפו, נפת תל אביב, מחוז תל אביב, 6962342, ישראל"
138,ברזית גליל,B10,False,,"{'x': 34.76025571971608, 'y': 32.0495607576615}","12, בן צבי, תל אביב - יפו, יפו, תל אביב-יפו, נפת תל אביב, מחוז תל אביב, 6811156, ישראל"
139,ברזית גליל,B10,False,,"{'x': 34.76025632109108, 'y': 32.039295417441366}","12, נחל שורק, תל אביב - יפו, יפו, תל אביב-יפו, נפת תל אביב, מחוז תל אביב, 6807644, ישראל"
140,ברזית גליל,B10,False,,"{'x': 34.76746972505869, 'y': 32.039191694388904}","12, שז""ר, תל אביב - יפו, יפו, תל אביב-יפו, נפת תל אביב, מחוז תל אביב, 5822304, ישראל"
141,ברזית גליל,B10,False,,"{'x': 34.81959154203821, 'y': 32.10702626798669}","12, קיציס, הדר-יוסף, תל אביב - יפו, הדר יוסף, תל אביב-יפו, נפת תל אביב, מחוז תל אביב, 5259408, ישראל"
142,ברזית גליל,B10,False,,"{'x': 34.76696222546802, 'y': 32.04198817858246}","12, יעקובוב אוריאל, תל אביב - יפו, יפו, תל אביב-יפו, נפת תל אביב, מחוז תל אביב, 5822304, ישראל"
143,ברזית גליל,B10,True,,"{'x': 34.8396327297586, 'y': 32.11826983206636}","12, בית אל, תל אביב - יפו, נוה שרת, תל אביב-יפו, נפת תל אביב, מחוז תל אביב, 6971001, ישראל"
144,ברזית גליל,B10,False,,"{'x': 34.82925827061798, 'y': 32.117657583165666}","12, ברטונוב, רביבים, תל אביב - יפו, רביבים, תל אביב-יפו, נפת תל אביב, מחוז תל אביב, 6962342, ישראל"
145,ברזית גליל,B10,False,,"{'x': 34.81959154203821, 'y': 32.10702626798669}","12, קיציס, הדר-יוסף, תל אביב - יפו, הדר יוסף, תל אביב-יפו, נפת תל אביב, מחוז תל אביב, 5259408, ישראל"
146,ברזית גליל,B10,False,,"{'x': 34.76696222546802, 'y': 32.04198817858246}","12, יעקובוב אוריאל, תל אביב - יפו, יפו, תל אביב-יפו, נפת תל אביב, מחוז תל אביב, 5822304, ישראל"
147,ברזיה מרובעת,B11,True,,"{'x': 34.793210525273985, 'y': 32.08464658109842}","12, פייבל, הצפון החדש - סביבת ככר המדינה, תל אביב - יפו, הצפון החדש, תל אביב-יפו, נפת תל אביב, מחוז תל אביב, 5268101, ישראל"
148,קולר,B16,True,,"{'x': 34.783848246837486, 'y': 32.09988463433055}","12, בוני העיר, כוכב הצפון, תל אביב - יפו, הצפון החדש, תל אביב-יפו, נפת תל אביב, מחוז תל אביב, 6296802, ישראל"
149,קולר,B16,False,,"{'x': 34.79076806918285, 'y': 32.10364446988731}","12, בראלי, שכונת למד, תל אביב - יפו, אוניברסיטת תל אביב, תל אביב-יפו, נפת תל אביב, מחוז תל אביב, 6946032, ישראל"
150,ברזית גליל,B10,False,,"{'x': 34.80037929126996, 'y': 32.09535919950065}","7, הרב עוזיאל, תל אביב - יפו, בבלי, תל אביב-יפו, נפת תל אביב, מחוז תל אביב, 5268104, ישראל"
151,ברזית גליל,B10,False,,"{'x': 34.83569396107278, 'y': 32.11418926530005}","13, הראל, רמת החייל, תל אביב - יפו, ישגב, תל אביב-יפו, נפת תל אביב, מחוז תל אביב, 6971001, ישראל"
152,ברזיית עלה,B14,False,,"{'x': 34.79129918562232, 'y': 32.11568867578705}","13, גז מטילדה, נופי ים, תל אביב - יפו, רמת אביב החדשה, תל אביב-יפו, נפת תל אביב, מחוז תל אביב, 6946032, ישראל"
153,ברזית גליל,B10,False,,"{'x': 34.802831003009196, 'y': 32.0609162696765}","14, באכר, תל אביב - יפו, תל חיים, תל אביב-יפו, נפת תל אביב, מחוז תל אביב, 6767589, ישראל"
154,ברזית גליל,B10,False,,"{'x': 34.81870369313187, 'y': 32.11152221197404}","14, קהילת ורשה, הדר-יוסף, תל אביב - יפו, מעוז אביב ב, תל אביב-יפו, נפת תל אביב, מחוז תל אביב, 5259408, ישראל"
155,ברזית גליל,B10,True,,"{'x': 34.80088536764898, 'y': 32.10942260048426}","14, כפר יונה, רמת-אביב, תל אביב - יפו, אוניברסיטת תל אביב, תל אביב-יפו, נפת תל אביב, מחוז תל אביב, 6946032, ישראל"
156,ברזית גליל,B10,False,,"{'x': 34.81513215936569, 'y': 32.115204650024666}","14, 856, תל ברוך, תל אביב - יפו, מעוז אביב ב, תל אביב-יפו, נפת תל אביב, מחוז תל אביב, 4704356, ישראל"
157,ברזיית עלה,B14,False,,"{'x': 34.80129929920286, 'y': 32.119054966028436}","14, גייגר, נוה אביבים וסביבתה, תל אביב - יפו, נווה אביבים, תל אביב-יפו, נפת תל אביב, מחוז תל אביב, 6946032, ישראל"
158,ברזית גליל,B10,False,,"{'x': 34.79427492356794, 'y': 32.05625606678188}","15, לוחמי גליפולי, יד אליהו, תל אביב - יפו, יד אליהו, תל אביב-יפו, נפת תל אביב, מחוז תל אביב, 6775393, ישראל"
159,ברזית גליל,B10,False,,"{'x': 34.783606030258326, 'y': 32.08357094006474}","15, רמברנדט, הצפון החדש - החלק הדרומי, תל אביב - יפו, הצפון החדש, תל אביב-יפו, נפת תל אביב, מחוז תל אביב, 6296802, ישראל"
160,ברזית גליל,B10,True,,"{'x': 34.8226211976596, 'y': 32.119511491530915}","15, למדן, 'נאות אפקה ב, תל אביב - יפו, נאות אפקה ב, תל אביב-יפו, נפת תל אביב, מחוז תל אביב, 4704356, ישראל"
161,ברזית גליל,B10,False,,"{'x': 34.76701645072619, 'y': 32.043770107919926}","15, גרינבוים, תל אביב - יפו, יפו, תל אביב-יפו, נפת תל אביב, מחוז תל אביב, 6811156, ישראל"
162,ברזית גליל,B10,False,,"{'x': 34.80239566543492, 'y': 32.0481271997955}","15, זכריה רצאבי, כפיר, תל אביב - יפו, נווה כפיר, תל אביב-יפו, נפת תל אביב, מחוז תל אביב, 6767589, ישראל"
163,ברזית גליל,B10,False,,"{'x': 34.791109707099444, 'y': 32.104183553627244}","16א, בראלי, שכונת למד, תל אביב - יפו, אוניברסיטת תל אביב, תל אביב-יפו, נפת תל אביב, מחוז תל אביב, 6946032, ישראל"
164,ברזית גליל,B10,False,,"{'x': 34.81638042491765, 'y': 32.11991227496101}","16, מיזאן, תל ברוך, תל אביב - יפו, תל ברוך, תל אביב-יפו, נפת תל אביב, מחוז תל אביב, 4704356, ישראל"
165,ברזית גליל,B10,False,,"{'x': 34.76325425965399, 'y': 32.05000634131071}","16, התחיה, תל אביב - יפו, יפו, תל אביב-יפו, נפת תל אביב, מחוז תל אביב, 6811156, ישראל"
166,ברזית גליל,B10,False,,"{'x': 34.80119966342078, 'y': 32.07699324183809}","16, נהלל, תל אביב - יפו, נחלת יצחק, תל אביב-יפו, נפת תל אביב, מחוז תל אביב, 5268101, ישראל"
167,ברזית גליל,B10,True,,"{'x': 34.83959168454591, 'y': 32.11664367863095}","16, הצנחנים, תל אביב - יפו, נוה שרת, תל אביב-יפו, נפת תל אביב, מחוז תל אביב, 6971001, ישראל"
168,ברזית גליל,B10,False,,"{'x': 34.774439889743995, 'y': 32.06736787740343}","16, בלפור, תל אביב - יפו, לב תל-אביב, תל אביב-יפו, נפת תל אביב, מחוז תל אביב, 6521124, ישראל"
169,ברזית גליל,B10,False,,"{'x': 34.793545667706084, 'y': 32.088123768753796}","16, אהבת ציון, הצפון החדש - סביבת ככר המדינה, תל אביב - יפו, הצפון החדש, תל אביב-יפו, נפת תל אביב, מחוז תל אביב, 5268102, ישראל"
170,ברזית גליל,B10,True,,"{'x': 34.84109047316472, 'y': 32.12206126507254}","16, אדירים, תל אביב - יפו, נוה שרת, תל אביב-יפו, נפת תל אביב, מחוז תל אביב, 6962343, ישראל"
171,ברזיית עלה,B14,False,,"{'x': 34.82155794538645, 'y': 32.11470783254157}","16, קהילת ריגה, נאות אפקה א, תל אביב - יפו, מעוז אביב ב, תל אביב-יפו, נפת תל אביב, מחוז תל אביב, 4704356, ישראל"
172,ברזית גליל,B10,False,,"{'x': 34.80483403447456, 'y': 32.120597928359494}","17, מוטה גור, אפקה, תל אביב - יפו, נווה אביבים, תל אביב-יפו, נפת תל אביב, מחוז תל אביב, 4704356, ישראל"
173,ברזית גליל,B10,False,,"{'x': 34.78607225851887, 'y': 32.08793164355516}","1235, נמל תל-אביב, תל אביב - יפו, הצפון החדש, תל אביב-יפו, נפת תל אביב, מחוז תל אביב, 6296802, ישראל"
174,ברזית גליל,B10,False,,"{'x': 34.76412855847339, 'y': 32.06275040758013}","השנית, תל אביב - יפו, נוה צדק, תל אביב-יפו, נפת תל אביב, מחוז תל אביב, 6812509, ישראל"
175,ברזית גליל,B10,False,,"{'x': 34.74820068681115, 'y': 32.03927840706228}","17, טולוז, תל אביב - יפו, יפו, תל אביב-יפו, נפת תל אביב, מחוז תל אביב, 6806546, ישראל"
176,ברזית גליל,B10,False,,"{'x': 34.756485310485076, 'y': 32.03587197164503}","18, הרב הלר חיים, תל אביב - יפו, יפו, תל אביב-יפו, נפת תל אביב, מחוז תל אביב, 6807644, ישראל"
177,ברזית גליל,B10,False,,"{'x': 34.82808260469788, 'y': 32.125160740777865}","18, ענתות, גני צהלה, רמות צהלה, תל אביב - יפו, גני צהלה, תל אביב-יפו, נפת תל אביב, מחוז תל אביב, 6962342, ישראל"
178,ברזית גליל,B10,False,,"{'x': 34.7561186531772, 'y': 32.05089649187453}","18, מגן אברהם, תל אביב - יפו, יפו, תל אביב-יפו, נפת תל אביב, מחוז תל אביב, 6803608, ישראל"
179,ברזיה מרובעת,B11,False,,"{'x': 34.773114704875525, 'y': 32.08240293778636}","18, נתן החכם, הצפון הישן - החלק הדרומי, תל אביב - יפו, גני שרונה, תל אביב-יפו, נפת תל אביב, מחוז תל אביב, 6343527, ישראל"
180,ברזית גליל,B10,False,,"{'x': 34.76743682567866, 'y': 32.03828119449253}","19, אירוס, תל אביב - יפו, יפו, תל אביב-יפו, נפת תל אביב, מחוז תל אביב, 5822304, ישראל"
181,ברזית גליל,B10,False,,"{'x': 34.79603236840106, 'y': 32.11089442039134}","19, בלום ליאון, רמת-אביב, תל אביב - יפו, אוניברסיטת תל אביב, תל אביב-יפו, נפת תל אביב, מחוז תל אביב, 6946032, ישראל"
182,ברזית גליל,B10,True,,"{'x': 34.79829620370588, 'y': 32.125384331102936}","20, שלמה בן יוסף, תל אביב - יפו, 'רמת אביב ג, תל אביב-יפו, נפת תל אביב, מחוז תל אביב, 6946032, ישראל"
183,ברזית גליל,B10,False,,"{'x': 34.7523935167949, 'y': 32.03854577468564}","20, דב ממזריץ, צהלון ושיכוני חסכון, תל אביב - יפו, יפו, תל אביב-יפו, נפת תל אביב, מחוז תל אביב, 6807644, ישראל"
184,ברזית גליל,B10,False,,"{'x': 34.803580996093956, 'y': 32.05868698966002}","20, הטייסים, אורות, תל אביב - יפו, נוה חן, תל אביב-יפו, נפת תל אביב, מחוז תל אביב, 6767589, ישראל"
185,ברזית גליל,B10,False,,"{'x': 34.82083502851543, 'y': 32.10764001659114}","20, קיציס, הדר-יוסף, תל אביב - יפו, הדר יוסף, תל אביב-יפו, נפת תל אביב, מחוז תל אביב, 5259408, ישראל"
186,ברזית גליל,B10,False,,"{'x': 34.796735471808816, 'y': 32.067725618654734}","20, ההשכלה, תל אביב - יפו, ביצרון ורמת ישראל, תל אביב-יפו, נפת תל אביב, מחוז תל אביב, 6777517, ישראל"
187,ברזית גליל,B10,False,,"{'x': 34.797659303378104, 'y': 32.05729543755652}","20, יפתח, יד אליהו, תל אביב - יפו, נווה צה""ל, תל אביב-יפו, נפת תל אביב, מחוז תל אביב, 6767589, ישראל"
188,ברזית גליל,B10,False,,"{'x': 34.82083502851543, 'y': 32.10764001659114}","20, קיציס, הדר-יוסף, תל אביב - יפו, הדר יוסף, תל אביב-יפו, נפת תל אביב, מחוז תל אביב, 5259408, ישראל"
189,קולר,B16,False,,"{'x': 34.803580996093956, 'y': 32.05868698966002}","20, הטייסים, אורות, תל אביב - יפו, נוה חן, תל אביב-יפו, נפת תל אביב, מחוז תל אביב, 6767589, ישראל"
190,ברזית גליל,B10,False,,"{'x': 34.790359195458954, 'y': 32.106908575701134}","21, יהודה בורלא, שכונת למד, תל אביב - יפו, רמת אביב החדשה, תל אביב-יפו, נפת תל אביב, מחוז תל אביב, 6946032, ישראל"
191,ברזית גליל,B10,True,,"{'x': 34.78577041163504, 'y': 32.082147938462384}","21, סוטין, הצפון החדש - החלק הדרומי, תל אביב - יפו, הצפון החדש, תל אביב-יפו, נפת תל אביב, מחוז תל אביב, 6296802, ישראל"
192,ברזית גליל,B10,False,,"{'x': 34.80565479738166, 'y': 32.117620826274575}","21, קלצ'קין, אפקה, תל אביב - יפו, אוניברסיטת תל אביב, תל אביב-יפו, נפת תל אביב, מחוז תל אביב, 6946032, ישראל"
193,ברזית גליל,B10,False,,"{'x': 34.79311274615746, 'y': 32.08916407200075}","21, יצחק חיותמן, הצפון החדש - סביבת ככר המדינה, תל אביב - יפו, הצפון החדש, תל אביב-יפו, נפת תל אביב, מחוז תל אביב, 6230231, ישראל"
194,ברזיה מרובעת,B11,False,,"{'x': 34.790359195458954, 'y': 32.106908575701134}","21, יהודה בורלא, שכונת למד, תל אביב - יפו, רמת אביב החדשה, תל אביב-יפו, נפת תל אביב, מחוז תל אביב, 6946032, ישראל"
195,ברזית פטריה,B15,False,,"{'x': 34.790359195458954, 'y': 32.106908575701134}","21, יהודה בורלא, שכונת למד, תל אביב - יפו, רמת אביב החדשה, תל אביב-יפו, נפת תל אביב, מחוז תל אביב, 6946032, ישראל"
196,ברזית גליל,B10,False,,"{'x': 34.795231032117634, 'y': 32.049332691567756}","22, בועז, התקוה, תל אביב - יפו, בית יעקב, תל אביב-יפו, נפת תל אביב, מחוז תל אביב, 6775393, ישראל"
197,ברזית גליל,B10,False,,"{'x': 34.77581241195851, 'y': 32.09427001656176}","22, מיכה, תל אביב - יפו, הצפון הישן - החלק הצפוני, תל אביב-יפו, נפת תל אביב, מחוז תל אביב, 6340506, ישראל"
198,ברזית גליל,B10,True,,"{'x': 34.800768382294336, 'y': 32.12321810299157}","22, אליהו בית צורי, תל אביב - יפו, 'רמת אביב ג, תל אביב-יפו, נפת תל אביב, מחוז תל אביב, 6946032, ישראל"
199,ברזית גליל,B10,False,,"{'x': 34.794386533959255, 'y': 32.057775098390636}","23, לוחמי גליפולי, יד אליהו, תל אביב - יפו, יד אליהו, תל אביב-יפו, נפת תל אביב, מחוז תל אביב, 6775393, ישראל"
200,ברזית גליל,B10,False,,"{'x': 34.764517498944755, 'y': 32.04002508645836}","23, שקד, תל אביב - יפו, יפו, תל אביב-יפו, נפת תל אביב, מחוז תל אביב, 5822304, ישראל"
201,ברזית גליל,B10,False,,"{'x': 34.74774341603025, 'y': 32.032520221421656}","23, חריף אייזיק, תל אביב - יפו, יפו, תל אביב-יפו, נפת תל אביב, מחוז תל אביב, 5960403, ישראל"
202,ברזית גליל,B10,False,,"{'x': 34.794386533959255, 'y': 32.057775098390636}","23, לוחמי גליפולי, יד אליהו, תל אביב - יפו, יד אליהו, תל אביב-יפו, נפת תל אביב, מחוז תל אביב, 6775393, ישראל"
203,ברזית גליל,B10,False,,"{'x': 34.76668494693745, 'y': 32.062515634437666}","23, פינס, תל אביב - יפו, נוה צדק, תל אביב-יפו, נפת תל אביב, מחוז תל אביב, 6812526, ישראל"
204,ברזית גליל,B10,False,,"{'x': 34.7546795147973, 'y': 32.03512088009552}","הרב רובינשטיין, תל אביב - יפו, יפו, תל אביב-יפו, נפת תל אביב, מחוז תל אביב, 6807644, ישראל"
205,ברזית גליל,B10,True,,"{'x': 34.78346921905119, 'y': 32.0785910777983}","24, דובנוב, הצפון החדש - החלק הדרומי, תל אביב - יפו, גני שרונה, תל אביב-יפו, נפת תל אביב, מחוז תל אביב, 6423806, ישראל"
206,ברזית גליל,B10,True,,"{'x': 34.793511526580254, 'y': 32.09504966533567}","24, הרב צירלסון, הצפון החדש - החלק הצפוני, תל אביב - יפו, הצפון החדש, תל אביב-יפו, נפת תל אביב, מחוז תל אביב, 5268104, ישראל"
207,ברזית גליל,B10,False,,"{'x': 34.77243075553246, 'y': 32.042534196321924}","24, בורמה, תל אביב - יפו, קרית שלום, תל אביב-יפו, נפת תל אביב, מחוז תל אביב, 5822304, ישראל"
208,ברזית גליל,B10,True,,"{'x': 34.77273868240247, 'y': 32.06926782624102}","24, שינקין, תל אביב - יפו, לב תל-אביב, תל אביב-יפו, נפת תל אביב, מחוז תל אביב, 6560475, ישראל"
209,ברזית גליל,B10,False,,"{'x': 34.8344400607336, 'y': 32.116885741519134}","24, ק""ם, רמת החייל, תל אביב - יפו, נווה שרת, תל אביב-יפו, נפת תל אביב, מחוז תל אביב, 6971001, ישראל"
210,ברזית גליל,B10,False,,"{'x': 34.79741734290661, 'y': 32.050190371775024}","24, קרייתי, התקוה, תל אביב - יפו, בית יעקב, תל אביב-יפו, נפת תל אביב, מחוז תל אביב, 6767589, ישראל"
211,ברזית גליל,B10,False,,"{'x': 34.793650785590685, 'y': 32.09740352498002}","גשר הירקון, בני דן, הצפון החדש - החלק הצפוני, תל אביב - יפו, בבלי, תל אביב-יפו, נפת תל אביב, מחוז תל אביב, 6230231, ישראל"
212,ברזית גליל,B10,False,,"{'x': 34.758763116532684, 'y': 32.03451956205153}","24, סומקן, תל אביב - יפו, יפו, תל אביב-יפו, נפת תל אביב, מחוז תל אביב, 6807644, ישראל"
213,ברזית גליל,B10,False,,"{'x': 34.79587082345228, 'y': 32.05625135453917}","24, סר ווינסטון צ'רצ'יל, יד אליהו, תל אביב - יפו, נווה צה""ל, תל אביב-יפו, נפת תל אביב, מחוז תל אביב, 6775393, ישראל"
214,ברזית גליל,B10,False,,"{'x': 34.79446063461077, 'y': 32.106501604705315}","24, רדינג, רמת-אביב, תל אביב - יפו, אוניברסיטת תל אביב, תל אביב-יפו, נפת תל אביב, מחוז תל אביב, 6946032, ישראל"
215,ברזית גליל,B10,True,,"{'x': 34.839138133721605, 'y': 32.111422865250915}","24, ראול ולנברג, רמת החייל, תל אביב - יפו, אזור תעשייה עבר הירקון, תל אביב-יפו, נפת תל אביב, מחוז תל אביב, 6971001, ישראל"
216,ברזית גליל,B10,False,,"{'x': 34.80157600073935, 'y': 32.04791929589528}","24, הרב אלנקוה, כפיר, תל אביב - יפו, לבנה, ידידיה, תל אביב-יפו, נפת תל אביב, מחוז תל אביב, 6767589, ישראל"
217,ברזית גליל,B10,False,,"{'x': 34.79741734290661, 'y': 32.050190371775024}","24, קרייתי, התקוה, תל אביב - יפו, בית יעקב, תל אביב-יפו, נפת תל אביב, מחוז תל אביב, 6767589, ישראל"
218,ברזיה מרובעת,B11,True,,"{'x': 34.77273868240247, 'y': 32.06926782624102}","24, שינקין, תל אביב - יפו, לב תל-אביב, תל אביב-יפו, נפת תל אביב, מחוז תל אביב, 6560475, ישראל"
219,קולר,B16,True,,"{'x': 34.839138133721605, 'y': 32.111422865250915}","24, ראול ולנברג, רמת החייל, תל אביב - יפו, אזור תעשייה עבר הירקון, תל אביב-יפו, נפת תל אביב, מחוז תל אביב, 6971001, ישראל"
220,ברזית גליל,B10,True,,"{'x': 34.77822010964092, 'y': 32.07365131310266}","25, חיסין, הצפון הישן - החלק הדרומי, תל אביב - יפו, גני שרונה, תל אביב-יפו, נפת תל אביב, מחוז תל אביב, 6473702, ישראל"
221,ברזית גליל,B10,True,,"{'x': 34.792174874809106, 'y': 32.13057783594996}","מרכז מסחרי איזורי חן, 25, אורי צבי גרינברג, תל אביב - יפו, צוקי אביב, תל אביב-יפו, נפת תל אביב, מחוז תל אביב, 6946032, ישראל"
222,ברזיית עלה,B14,False,,"{'x': 34.78024716023907, 'y': 32.07030924160612}","25, ביל""ו, הצפון הישן - החלק הדרומי, תל אביב - יפו, לב תל-אביב, תל אביב-יפו, נפת תל אביב, מחוז תל אביב, 6713203, ישראל"
223,ברזיית עלה,B14,False,,"{'x': 34.80609750406262, 'y': 32.12185341202656}","25, המתנדב, אפקה, תל אביב - יפו, תל ברוך, תל אביב-יפו, נפת תל אביב, מחוז תל אביב, 4704356, ישראל"
224,ברזית גליל,B10,False,,"{'x': 34.80158998669735, 'y': 32.06927065778453}","26, פליטי הספר, תל אביב - יפו, ביצרון ורמת ישראל, תל אביב-יפו, נפת תל אביב, מחוז תל אביב, 6492903, ישראל"
225,ברזית גליל,B10,False,,"{'x': 34.79287679017118, 'y': 32.04650922446909}","26, אורים, תל אביב - יפו, עזרא והארגזים, תל אביב-יפו, נפת תל אביב, מחוז תל אביב, 6775393, ישראל"
226,ברזית גליל,B10,False,,"{'x': 34.799194508907846, 'y': 32.076220613952806}","27, עמק ברכה, תל אביב - יפו, נחלת יצחק, תל אביב-יפו, נפת תל אביב, מחוז תל אביב, 6492903, ישראל"
227,ברזית גליל,B10,False,,"{'x': 34.804884865645015, 'y': 32.063391692494044}","27, עמישב, תל אביב - יפו, תל חיים, תל אביב-יפו, נפת תל אביב, מחוז תל אביב, 6767589, ישראל"
228,ברזית גליל,B10,False,,"{'x': 34.778364427647475, 'y': 32.052442131504336}","27, בעל העקדה, תל אביב - יפו, שפירא, תל אביב-יפו, נפת תל אביב, מחוז תל אביב, 6775393, ישראל"
229,ברזית גליל,B10,False,,"{'x': 34.80674488100655, 'y': 32.12158942088627}","27, המתנדב, אפקה, תל אביב - יפו, תל ברוך, תל אביב-יפו, נפת תל אביב, מחוז תל אביב, 4704356, ישראל"
230,ברזית גליל,B10,False,,"{'x': 34.78715069001772, 'y': 32.059090249018915}","12, לה גווארדיה, יד אליהו, תל אביב - יפו, יד אליהו, תל אביב-יפו, נפת תל אביב, מחוז תל אביב, 6777517, ישראל"
231,ברזית גליל,B10,False,,"{'x': 34.792979856994855, 'y': 32.11805343618684}","27, שמואל תמיר, נופי ים, תל אביב - יפו, רמת אביב החדשה, תל אביב-יפו, נפת תל אביב, מחוז תל אביב, 6946032, ישראל"
232,ברזיה מרובעת,B11,False,,"{'x': 34.786740907153394, 'y': 32.09131793770096}","27, דה האז, הצפון החדש - החלק הצפוני, תל אביב - יפו, הצפון החדש, תל אביב-יפו, נפת תל אביב, מחוז תל אביב, 6296802, ישראל"
233,ברזיה מרובעת,B11,False,,"{'x': 34.76616293468501, 'y': 32.0619899452917}","27, אלרואי, תל אביב - יפו, נוה צדק, תל אביב-יפו, נפת תל אביב, מחוז תל אביב, 6812509, ישראל"
234,ברזיית עלה,B14,False,,"{'x': 34.796405446188416, 'y': 32.06110556022049}","27, שדרות יד לבנים, יד אליהו, תל אביב - יפו, יד אליהו, תל אביב-יפו, נפת תל אביב, מחוז תל אביב, 6777517, ישראל"
235,קולר,B16,False,,"{'x': 34.786740907153394, 'y': 32.09131793770096}","27, דה האז, הצפון החדש - החלק הצפוני, תל אביב - יפו, הצפון החדש, תל אביב-יפו, נפת תל אביב, מחוז תל אביב, 6296802, ישראל"
236,קולר,B16,False,,"{'x': 34.796405446188416, 'y': 32.06110556022049}","27, שדרות יד לבנים, יד אליהו, תל אביב - יפו, יד אליהו, תל אביב-יפו, נפת תל אביב, מחוז תל אביב, 6777517, ישראל"
237,ברזית גליל,B10,True,,"{'x': 34.78768040734956, 'y': 32.102158524626425}","28, ש''י עגנון, כוכב הצפון, תל אביב - יפו, תל אביב-יפו, נפת תל אביב, מחוז תל אביב, 6946032, ישראל"
238,ברזית גליל,B10,False,,"{'x': 34.79158098463789, 'y': 32.05609852658765}","29, יגאל אלון, יד אליהו, תל אביב - יפו, יד אליהו, תל אביב-יפו, נפת תל אביב, מחוז תל אביב, 6775393, ישראל"
239,ברזית גליל,B10,False,,"{'x': 34.76688780020074, 'y': 32.070493222056534}","כרם התימנים, תל אביב - יפו, שבזי, תל אביב-יפו, נפת תל אביב, מחוז תל אביב, 6560475, ישראל"
240,ברזית גליל,B10,False,,"{'x': 34.775176151103615, 'y': 32.09180753091609}","29, טהון, תל אביב - יפו, הצפון הישן - החלק הצפוני, תל אביב-יפו, נפת תל אביב, מחוז תל אביב, 6340506, ישראל"
241,ברזית גליל,B10,False,,"{'x': 34.7756115145914, 'y': 32.04418653454419}","30, הקשת, תל אביב - יפו, קרית שלום, תל אביב-יפו, נפת תל אביב, מחוז תל אביב, 6775393, ישראל"
242,ברזית גליל,B10,False,,"{'x': 34.76360171521484, 'y': 32.05678224849957}","30, הרב מבכרך, פלורנטין, תל אביב - יפו, יפו, תל אביב-יפו, נפת תל אביב, מחוז תל אביב, 6811834, ישראל"
243,ברזיית עלה,B14,False,,"{'x': 34.76507244545028, 'y': 32.06064053850359}","30, שלוש, תל אביב - יפו, נוה צדק, תל אביב-יפו, נפת תל אביב, מחוז תל אביב, 6812509, ישראל"
244,ברזית גליל,B10,False,,"{'x': 34.77863807376024, 'y': 32.052301307333536}","32, בעל העקדה, תל אביב - יפו, שפירא, תל אביב-יפו, נפת תל אביב, מחוז תל אביב, 6775393, ישראל"
245,ברזית גליל,B10,True,,"{'x': 34.796706522598654, 'y': 32.11651679460236}","28, טאגור, נוה אביבים וסביבתה, תל אביב - יפו, נווה אביבים, תל אביב-יפו, נפת תל אביב, מחוז תל אביב, 6946032, ישראל"
246,ברזית גליל,B10,False,,"{'x': 34.79873782385115, 'y': 32.12724975646608}","32, שלמה בן יוסף, תל אביב - יפו, 'רמת אביב ג, תל אביב-יפו, נפת תל אביב, מחוז תל אביב, 6946032, ישראל"
247,ברזיית עלה,B14,False,,"{'x': 34.796706522598654, 'y': 32.11651679460236}","28, טאגור, נוה אביבים וסביבתה, תל אביב - יפו, נווה אביבים, תל אביב-יפו, נפת תל אביב, מחוז תל אביב, 6946032, ישראל"
248,ברזיית עלה,B14,False,,"{'x': 34.766872187379946, 'y': 32.063676062691805}","32, דגניה, תל אביב - יפו, נוה צדק, תל אביב-יפו, נפת תל אביב, מחוז תל אביב, 6560330, ישראל"
249,ברזיית עלה,B14,False,,"{'x': 34.81317045835933, 'y': 32.04685781624398}","32, רוטנשטרייך, תל אביב - יפו, ניר אביב, תל אביב-יפו, נפת תל אביב, מחוז תל אביב, 6767589, ישראל"
250,ברזית גליל,B10,False,,"{'x': 34.829901372525256, 'y': 32.110467752681856}","33, ישראל אשכנזי, נוה דן, תל אביב - יפו, ישגב, תל אביב-יפו, נפת תל אביב, מחוז תל אביב, 6971001, ישראל"
251,ברזית גליל,B10,False,,"{'x': 34.7801538138143, 'y': 32.04318884972224}","33, קפלנסקי, תל אביב - יפו, קרית שלום, תל אביב-יפו, נפת תל אביב, מחוז תל אביב, 6775393, ישראל"
252,ברזית גליל,B10,False,,"{'x': 34.793906264081926, 'y': 32.10769706284289}","33, רדינג, רמת-אביב, תל אביב - יפו, אוניברסיטת תל אביב, תל אביב-יפו, נפת תל אביב, מחוז תל אביב, 6946032, ישראל"
253,ברזית גליל,B10,False,,"{'x': 34.764022290433196, 'y': 32.04180905083039}","34, שביל אופנידן איילון, תל אביב - יפו, יפו, תל אביב-יפו, נפת תל אביב, מחוז תל אביב, 6811156, ישראל"
254,ברזית גליל,B10,False,,"{'x': 34.801912931990614, 'y': 32.06996493474929}","34, השלום, תל אביב - יפו, ביצרון ורמת ישראל, תל אביב-יפו, נפת תל אביב, מחוז תל אביב, 6767589, ישראל"
255,ברזית גליל,B10,False,,"{'x': 34.74865101442766, 'y': 32.03013730755386}","הגבול (שמחה הולצברג), תל אביב - יפו, יפו, תל אביב-יפו, נפת תל אביב, מחוז תל אביב, 6806546, ישראל"
256,ברזיה מרובעת,B11,True,,"{'x': 34.786144732480544, 'y': 32.07964980763705}","34, שדרות דוד המלך, הצפון החדש - החלק הדרומי, תל אביב - יפו, הצפון החדש, תל אביב-יפו, נפת תל אביב, מחוז תל אביב, 6423806, ישראל"
257,ברזית גליל,B10,True,,"{'x': 34.773949713625434, 'y': 32.072853595569576}","גן מאיר, 35, המלך ג'ורג', תל אביב - יפו, לב תל-אביב, תל אביב-יפו, נפת תל אביב, מחוז תל אביב, 6433701, ישראל"
258,ברזית גליל,B10,True,,"{'x': 34.773949713625434, 'y': 32.072853595569576}","גן מאיר, 35, המלך ג'ורג', תל אביב - יפו, לב תל-אביב, תל אביב-יפו, נפת תל אביב, מחוז תל אביב, 6433701, ישראל"
259,ברזית גליל,B10,False,,"{'x': 34.78620296494023, 'y': 32.051254763563804}","35, דוד תדהר, התקוה, תל אביב - יפו, עזרא, תל אביב-יפו, נפת תל אביב, מחוז תל אביב, 6775393, ישראל"
260,ברזית גליל,B10,False,,"{'x': 34.78285226843882, 'y': 32.05683730464649}","35, לבנדה, נווה שאנן, תל אביב - יפו, יד אליהו, תל אביב-יפו, נפת תל אביב, מחוז תל אביב, 6775393, ישראל"
261,ברזית גליל,B10,False,,"{'x': 34.81643280607303, 'y': 32.10807679711594}","37, קהילת לודז', הדר-יוסף, תל אביב - יפו, מעוז אביב ב, תל אביב-יפו, נפת תל אביב, מחוז תל אביב, 5259408, ישראל"
262,ברזיה מרובעת,B11,False,,"{'x': 34.76569795983501, 'y': 32.04092913772278}","37, גרינבוים, תל אביב - יפו, יפו, תל אביב-יפו, נפת תל אביב, מחוז תל אביב, 5822304, ישראל"
263,ברזית גליל,B10,False,,"{'x': 34.8274500404926, 'y': 32.124449128697336}","38, עיר שמש, גני צהלה, רמות צהלה, תל אביב - יפו, גני צהלה, תל אביב-יפו, נפת תל אביב, מחוז תל אביב, 6962342, ישראל"
264,ברזית גליל,B10,False,,"{'x': 34.789856580223, 'y': 32.111567042682516}","39ב, יהודה בורלא, שכונת למד, תל אביב - יפו, רמת אביב החדשה, תל אביב-יפו, נפת תל אביב, מחוז תל אביב, 6946032, ישראל"
265,ברזית גליל,B10,False,,"{'x': 34.789856580223, 'y': 32.111567042682516}","39ב, יהודה בורלא, שכונת למד, תל אביב - יפו, רמת אביב החדשה, תל אביב-יפו, נפת תל אביב, מחוז תל אביב, 6946032, ישראל"
266,ברזיה מרובעת,B11,False,,"{'x': 34.79813827731311, 'y': 32.11726609740551}","40, סמטת טאגור, נוה אביבים וסביבתה, תל אביב - יפו, נווה אביבים, תל אביב-יפו, נפת תל אביב, מחוז תל אביב, 6946032, ישראל"
267,ברזיית עלה,B14,False,,"{'x': 34.79537299622708, 'y': 32.12026464028485}","41, יהודה הנשיא, נוה אביבים וסביבתה, תל אביב - יפו, נווה אביבים, תל אביב-יפו, נפת תל אביב, מחוז תל אביב, 6946032, ישראל"
268,ברזית גליל,B10,False,,"{'x': 34.81192178227934, 'y': 32.05184926883011}","42ד, מעפילי אגוז, תל אביב - יפו, נוה חן, תל אביב-יפו, נפת תל אביב, מחוז תל אביב, 6767589, ישראל"
269,ברזית גליל,B10,False,,"{'x': 34.76523733642577, 'y': 32.04735655043887}","40, בן צבי, תל אביב - יפו, יפו, תל אביב-יפו, נפת תל אביב, מחוז תל אביב, 6811156, ישראל"
270,ברזית גליל,B10,False,,"{'x': 34.7496350120933, 'y': 32.04544462241265}","42, שמואל בן עדיה, תל אביב - יפו, עג'מי וגבעת עליה, תל אביב-יפו, נפת תל אביב, מחוז תל אביב, 6803608, ישראל"
271,ברזית גליל,B10,False,,"{'x': 34.78579182875836, 'y': 32.05101949991706}","42, דוד תדהר, התקוה, תל אביב - יפו, עזרא, תל אביב-יפו, נפת תל אביב, מחוז תל אביב, 6775393, ישראל"
272,ברזית גליל,B10,False,,"{'x': 34.7536956637246, 'y': 32.031008044823984}","44, קהילת קנדה, תל אביב - יפו, יפו, בת ים, תל אביב-יפו, נפת תל אביב, מחוז תל אביב, 6807644, ישראל"
273,ברזיית עלה,B14,True,,"{'x': 34.78622488778423, 'y': 32.080145920096804}","43, שדרות דוד המלך, הצפון החדש - החלק הדרומי, תל אביב - יפו, הצפון החדש, תל אביב-יפו, נפת תל אביב, מחוז תל אביב, 6296802, ישראל"
274,ברזית גליל,B10,False,,"{'x': 34.79264663205356, 'y': 32.06393685859768}","46, יצחק שדה, יד אליהו, תל אביב - יפו, רמת ישראל, תל אביב-יפו, נפת תל אביב, מחוז תל אביב, 6777517, ישראל"
275,ברזית גליל,B10,False,,"{'x': 34.800524282075806, 'y': 32.07293135421355}","46, עליית הנוער, תל אביב - יפו, נחלת יצחק, תל אביב-יפו, נפת תל אביב, מחוז תל אביב, 6492903, ישראל"
276,ברזיה מרובעת,B11,False,,"{'x': 34.800082746703815, 'y': 32.11604251413839}","46, מוריץ דניאל, נוה אביבים וסביבתה, תל אביב - יפו, נווה אביבים, תל אביב-יפו, נפת תל אביב, מחוז תל אביב, 6946032, ישראל"
277,ברזית גליל,B10,False,,"{'x': 34.7679999547154, 'y': 32.04439375829984}","47, מנחם ארבר, תל אביב - יפו, יפו, תל אביב-יפו, נפת תל אביב, מחוז תל אביב, 6811156, ישראל"
278,ברזיה מרובעת,B11,False,,"{'x': 34.7679999547154, 'y': 32.04439375829984}","47, מנחם ארבר, תל אביב - יפו, יפו, תל אביב-יפו, נפת תל אביב, מחוז תל אביב, 6811156, ישראל"
279,ברזית גליל,B10,False,,"{'x': 34.83677240815265, 'y': 32.113193808763334}","48, עולי הגרדום, רמת החייל, תל אביב - יפו, ישגב, תל אביב-יפו, נפת תל אביב, מחוז תל אביב, 6971001, ישראל"
280,ברזית גליל,B10,False,,"{'x': 34.81074410724149, 'y': 32.05234406521687}","49, מעפילי אגוז, תל אביב - יפו, נוה חן, תל אביב-יפו, נפת תל אביב, מחוז תל אביב, 6767589, ישראל"
281,ברזיה מרובעת,B11,False,,"{'x': 34.81074410724149, 'y': 32.05234406521687}","49, מעפילי אגוז, תל אביב - יפו, נוה חן, תל אביב-יפו, נפת תל אביב, מחוז תל אביב, 6767589, ישראל"
282,ברזית גליל,B10,False,,"{'x': 34.7899454530432, 'y': 32.044551731460835}","52, תשרי, תל אביב - יפו, עזרא והארגזים, תל אביב-יפו, נפת תל אביב, מחוז תל אביב, 6775393, ישראל"
283,ברזית גליל,B10,False,,"{'x': 34.82219351753194, 'y': 32.11029903322709}","54, קהילת ורשה, הדר-יוסף, תל אביב - יפו, מעוז אביב ב, תל אביב-יפו, נפת תל אביב, מחוז תל אביב, 5259408, ישראל"
284,ברזית גליל,B10,False,,"{'x': 34.790609458719906, 'y': 32.089530441565124}","56, ויצמן, הצפון החדש - סביבת ככר המדינה, תל אביב - יפו, הצפון החדש, תל אביב-יפו, נפת תל אביב, מחוז תל אביב, 6296802, ישראל"
285,ברזית גליל,B10,False,,"{'x': 34.80764676739394, 'y': 32.048875456750146}","56, מח""ל, נוה אליעזר וכפר שלם מזרח, תל אביב - יפו, כפר שלם, תל אביב-יפו, נפת תל אביב, מחוז תל אביב, 6767589, ישראל"
286,ברזית גליל,B10,False,,"{'x': 34.77229399691596, 'y': 32.056361147004644}","57, החלוצים, פלורנטין, תל אביב - יפו, שבזי, תל אביב-יפו, נפת תל אביב, מחוז תל אביב, 6652434, ישראל"
287,ברזית גליל,B10,False,,"{'x': 34.834470396290804, 'y': 32.10842018595952}","60, הגולן, רמת החייל, תל אביב - יפו, ישגב, תל אביב-יפו, נפת תל אביב, מחוז תל אביב, 6971001, ישראל"
288,ברזיית עלה,B14,False,,"{'x': 34.754752784837, 'y': 32.030261343454825}","17, הגיבורים, בת ים, נפת תל אביב, מחוז תל אביב, 6807644, ישראל"
289,ברזיית עלה,B14,False,,"{'x': 34.802061056264456, 'y': 32.044630986584906}","62, בושם, תל אביב - יפו, לבנה, ידידיה, תל אביב-יפו, נפת תל אביב, מחוז תל אביב, 6767589, ישראל"
290,ברזית גליל,B10,False,,"{'x': 34.797656973548435, 'y': 32.0593178321527}","63, לה גווארדיה, יד אליהו, תל אביב - יפו, יד אליהו, תל אביב-יפו, נפת תל אביב, מחוז תל אביב, 6767589, ישראל"
291,ברזית גליל,B10,True,,"{'x': 34.779267634501394, 'y': 32.09240044493071}","63, שדרות נורדאו, תל אביב - יפו, הצפון הישן - החלק הצפוני, תל אביב-יפו, נפת תל אביב, מחוז תל אביב, 6296802, ישראל"
292,ברזית גליל,B10,False,,"{'x': 34.79822198636044, 'y': 32.111673902818346}","64, ברודצקי, רמת-אביב, תל אביב - יפו, אוניברסיטת תל אביב, תל אביב-יפו, נפת תל אביב, מחוז תל אביב, 6946032, ישראל"
293,קולר,B16,False,,"{'x': 34.79822198636044, 'y': 32.111673902818346}","64, ברודצקי, רמת-אביב, תל אביב - יפו, אוניברסיטת תל אביב, תל אביב-יפו, נפת תל אביב, מחוז תל אביב, 6946032, ישראל"
294,ברזית גליל,B10,False,,"{'x': 34.81078968053249, 'y': 32.052959950751884}","66, מעפילי אגוז, תל אביב - יפו, נוה חן, תל אביב-יפו, נפת תל אביב, מחוז תל אביב, 6767589, ישראל"
295,ברזית גליל,B10,True,,"{'x': 34.7918776627855, 'y': 32.08751260940241}","66, משה שרת, הצפון החדש - סביבת ככר המדינה, תל אביב - יפו, הצפון החדש, תל אביב-יפו, נפת תל אביב, מחוז תל אביב, 6296802, ישראל"
296,ברזית גליל,B10,True,,"{'x': 34.77654294037499, 'y': 32.08311542022941}","66, שדרות דוד בן גוריון, הצפון הישן - החלק הדרומי, תל אביב - יפו, הצפון הישן - החלק הצפוני, תל אביב-יפו, נפת תל אביב, מחוז תל אביב, 6343527, ישראל"
297,ברזיה מרובעת,B11,False,,"{'x': 34.77654294037499, 'y': 32.08311542022941}","66, שדרות דוד בן גוריון, הצפון הישן - החלק הדרומי, תל אביב - יפו, הצפון הישן - החלק הצפוני, תל אביב-יפו, נפת תל אביב, מחוז תל אביב, 6343527, ישראל"
298,ברזית גליל,B10,False,,"{'x': 34.753203502288294, 'y': 32.04395715294369}","70, שבטי ישראל, צהלון ושיכוני חסכון, תל אביב - יפו, יפו, תל אביב-יפו, נפת תל אביב, מחוז תל אביב, 6803608, ישראל"
299,ברזית גליל,B10,True,,"{'x': 34.78991510822579, 'y': 32.08887592769222}","71, ויצמן, הצפון החדש - סביבת ככר המדינה, תל אביב - יפו, הצפון החדש, תל אביב-יפו, נפת תל אביב, מחוז תל אביב, 6230231, ישראל"
300,ברזיית עלה,B14,True,,"{'x': 34.80329516835232, 'y': 32.09637944015628}","קוסובסקי, תל אביב - יפו, בבלי, תל אביב-יפו, נפת תל אביב, מחוז תל אביב, 5253527, ישראל"
301,קולר,B16,True,,"{'x': 34.80329516835232, 'y': 32.09637944015628}","קוסובסקי, תל אביב - יפו, בבלי, תל אביב-יפו, נפת תל אביב, מחוז תל אביב, 5253527, ישראל"
302,ברזית גליל,B10,True,,"{'x': 34.78168455216372, 'y': 32.09311517185344}","72, יהושע בן נון, תל אביב - יפו, הצפון הישן - החלק הצפוני, תל אביב-יפו, נפת תל אביב, מחוז תל אביב, 6296802, ישראל"
303,ברזית גליל,B10,False,,"{'x': 34.764326110224744, 'y': 32.06718682926294}","76, הכובשים, תל אביב - יפו, נוה צדק, תל אביב-יפו, נפת תל אביב, מחוז תל אביב, 6560330, ישראל"
304,ברזית גליל,B10,False,,"{'x': 34.75236492637745, 'y': 32.0471904671601}","72, יפת, צהלון ושיכוני חסכון, תל אביב - יפו, עג'מי וגבעת עליה, תל אביב-יפו, נפת תל אביב, מחוז תל אביב, 6803608, ישראל"
305,קולר,B16,False,,"{'x': 34.7482566665702, 'y': 32.044401340239624}","73, קדם, תל אביב - יפו, יפו, תל אביב-יפו, נפת תל אביב, מחוז תל אביב, 6806546, ישראל"
306,ברזית גליל,B10,False,,"{'x': 34.80843396985397, 'y': 32.05451511409274}","77, מעפילי אגוז, תל אביב - יפו, נוה חן, תל אביב-יפו, נפת תל אביב, מחוז תל אביב, 6767589, ישראל"
307,ברזיית עלה,B14,True,,"{'x': 34.8016517275761, 'y': 32.10062812927843}","המועצה לישראל יפה, גשר ראש ציפור, תל אביב - יפו, בבלי, תל אביב-יפו, נפת תל אביב, מחוז תל אביב, 5253527, ישראל"
308,ברזיית עלה,B14,True,,"{'x': 34.793704825354894, 'y': 32.096574589557044}","74, בני דן, הצפון החדש - החלק הצפוני, תל אביב - יפו, הצפון החדש, תל אביב-יפו, נפת תל אביב, מחוז תל אביב, 5268104, ישראל"
309,ברזית גליל,B10,False,,"{'x': 34.767153258296695, 'y': 32.077720269015956}","83, הירקון, כרם התימנים, תל אביב - יפו, לב תל-אביב, תל אביב-יפו, נפת תל אביב, מחוז תל אביב, 6560475, ישראל"
310,ברזית גליל,B10,False,,"{'x': 34.77866421608556, 'y': 32.08187499771079}","84, שדרות דוד בן גוריון, הצפון הישן - החלק הדרומי, תל אביב - יפו, הצפון הישן - החלק הצפוני, תל אביב-יפו, נפת תל אביב, מחוז תל אביב, 6343527, ישראל"
311,ברזיית עלה,B14,False,,"{'x': 34.780875559722176, 'y': 32.06842618078455}","84, יהודה הלוי, תל אביב - יפו, לב תל-אביב, תל אביב-יפו, נפת תל אביב, מחוז תל אביב, 6713203, ישראל"
312,קולר,B16,False,,"{'x': 34.780875559722176, 'y': 32.06842618078455}","84, יהודה הלוי, תל אביב - יפו, לב תל-אביב, תל אביב-יפו, נפת תל אביב, מחוז תל אביב, 6713203, ישראל"
313,ברזית גליל,B10,False,,"{'x': 34.799708768103045, 'y': 32.04542868418593}","87, בושם, תל אביב - יפו, לבנה, ידידיה, תל אביב-יפו, נפת תל אביב, מחוז תל אביב, 6767589, ישראל"
314,ברזית גליל,B10,False,,"{'x': 34.802623145740576, 'y': 32.05944696285875}","89, לה גווארדיה, יד אליהו, תל אביב - יפו, תל חיים, תל אביב-יפו, נפת תל אביב, מחוז תל אביב, 6767589, ישראל"
315,ברזית גליל,B10,False,,"{'x': 34.799739878745775, 'y': 32.046022217455054}","91א, בושם, תל אביב - יפו, לבנה, ידידיה, תל אביב-יפו, נפת תל אביב, מחוז תל אביב, 6767589, ישראל"
316,ברזית גליל,B10,True,,"{'x': 34.77948893334611, 'y': 32.081401793906295}","94, שדרות דוד בן גוריון, הצפון הישן - החלק הדרומי, תל אביב - יפו, הצפון הישן - החלק הצפוני, תל אביב-יפו, נפת תל אביב, מחוז תל אביב, 6343527, ישראל"
317,ברזית גליל,B10,False,,"{'x': 34.778033204278096, 'y': 32.05780862031238}","93, לוינסקי, נווה שאנן, תל אביב - יפו, קריית שלום, תל אביב-יפו, נפת תל אביב, מחוז תל אביב, 6606110, ישראל"
318,ברזית גליל,B10,False,,"{'x': 34.746918000297036, 'y': 32.04152346582076}","דונולו הרופא, תל אביב - יפו, יפו, תל אביב-יפו, נפת תל אביב, מחוז תל אביב, 6806546, ישראל"
319,ברזית גליל,B10,False,,"{'x': 34.77413459432059, 'y': 32.04161367773607}","97, בן צבי, פארק החורשות, תל אביב - יפו, קרית שלום, תל אביב-יפו, נפת תל אביב, מחוז תל אביב, 5822304, ישראל"
320,קולר,B16,False,,"{'x': 34.77413459432059, 'y': 32.04161367773607}","97, בן צבי, פארק החורשות, תל אביב - יפו, קרית שלום, תל אביב-יפו, נפת תל אביב, מחוז תל אביב, 5822304, ישראל"
321,ברזית גליל,B10,False,,"{'x': 34.799492604955596, 'y': 32.06235204045668}","99, כביש תל אביב ירושלים, נווה שאנן, תל אביב - יפו, יד אליהו, תל אביב-יפו, נפת תל אביב, מחוז תל אביב, 6775393, ישראל"
322,ברזית גליל,B10,False,,"{'x': 34.79922059715803, 'y': 32.06283743478727}","105, משה דיין, יד אליהו, תל אביב - יפו, תל חיים, תל אביב-יפו, נפת תל אביב, מחוז תל אביב, 6767589, ישראל"
323,ברזית גליל,B10,False,,"{'x': 34.75027268996871, 'y': 32.04337309609835}","1א, הלוטוס, תל אביב - יפו, עג'מי וגבעת עליה, תל אביב-יפו, נפת תל אביב, מחוז תל אביב, 6806546, ישראל"
324,ברזית גליל,B10,False,,"{'x': 34.79494569251466, 'y': 32.05339137667903}","106, ההגנה, התקוה, תל אביב - יפו, נווה צה""ל, תל אביב-יפו, נפת תל אביב, מחוז תל אביב, 6775393, ישראל"
325,ברזית גליל,B10,False,,"{'x': 34.799401018498344, 'y': 32.04704819647758}","107, חיים ברלב, כפיר, תל אביב - יפו, נווה כפיר, תל אביב-יפו, נפת תל אביב, מחוז תל אביב, 6767589, ישראל"
326,ברזית גליל,B10,False,,"{'x': 34.77432216944614, 'y': 32.050602643946}","107, הר ציון, תל אביב - יפו, שפירא, תל אביב-יפו, נפת תל אביב, מחוז תל אביב, 6652434, ישראל"
327,ברזית גליל,B10,False,,"{'x': 34.799401018498344, 'y': 32.04704819647758}","107, חיים ברלב, כפיר, תל אביב - יפו, נווה כפיר, תל אביב-יפו, נפת תל אביב, מחוז תל אביב, 6767589, ישראל"
328,ברזית גליל,B10,False,,"{'x': 34.80673392916334, 'y': 32.05609103072699}","116, מעפילי אגוז, תל אביב - יפו, נוה חן, תל אביב-יפו, נפת תל אביב, מחוז תל אביב, 6767589, ישראל"
329,ברזיה מרובעת,B11,False,,"{'x': 34.80673392916334, 'y': 32.05609103072699}","116, מעפילי אגוז, תל אביב - יפו, נוה חן, תל אביב-יפו, נפת תל אביב, מחוז תל אביב, 6767589, ישראל"
330,ברזית גליל,B10,False,,"{'x': 34.77834251816237, 'y': 32.0700751510711}","119, שדרות רוטשילד, תל אביב - יפו, לב תל-אביב, תל אביב-יפו, נפת תל אביב, מחוז תל אביב, 6713203, ישראל"
331,ברזית גליל,B10,False,,"{'x': 34.81206744494741, 'y': 32.046015171531685}","24, הרצפלד, תל אביב - יפו, ניר אביב, תל אביב-יפו, נפת תל אביב, מחוז תל אביב, 6767589, ישראל"
332,ברזית גליל,B10,False,,"{'x': 34.80493796055846, 'y': 32.045688508462}","154, חיים ברלב, תל אביב - יפו, לבנה, ידידיה, תל אביב-יפו, נפת תל אביב, מחוז תל אביב, 6767589, ישראל"
333,ברזית גליל,B10,False,,"{'x': 34.77340091001271, 'y': 32.088720220063436}","161, בן יהודה, תל אביב - יפו, הצפון הישן - החלק הצפוני, תל אביב-יפו, נפת תל אביב, מחוז תל אביב, 6340506, ישראל"
334,ברזית גליל,B10,False,,"{'x': 34.755891249719504, 'y': 32.0384112300349}","163, ירושלים, בת ים, נפת תל אביב, מחוז תל אביב, 5823707, ישראל"
335,ברזיית עלה,B14,True,,"{'x': 34.78943813595936, 'y': 32.08337473797395}","170, ארלוזורוב, הצפון החדש - החלק הדרומי, תל אביב - יפו, הצפון החדש, תל אביב-יפו, נפת תל אביב, מחוז תל אביב, 6492903, ישראל"
336,ברזית גליל,B10,False,,"{'x': 34.77152026250982, 'y': 32.08788289390852}","192, הירקון, תל אביב - יפו, הצפון הישן - החלק הצפוני, תל אביב-יפו, נפת תל אביב, מחוז תל אביב, 6343527, ישראל"
337,ברזית גליל,B10,False,,"{'x': 34.810634451830104, 'y': 32.04485629785267}","196, חיים ברלב, תל אביב - יפו, לבנה, ידידיה, תל אביב-יפו, נפת תל אביב, מחוז תל אביב, 6767589, ישראל"
338,ברזית גליל,B10,True,,"{'x': 34.81724895277758, 'y': 32.11305968038137}","214, בני אפרים, הדר-יוסף, תל אביב - יפו, מעוז אביב ב, תל אביב-יפו, נפת תל אביב, מחוז תל אביב, 4704356, ישראל"
339,ברזית גליל,B10,True,,"{'x': 34.817129651451, 'y': 32.11394701406218}","218, בני אפרים, נאות אפקה א, תל אביב - יפו, מעוז אביב ב, תל אביב-יפו, נפת תל אביב, מחוז תל אביב, 4704356, ישראל"
340,ברזית גליל,B10,False,,"{'x': 34.817129651451, 'y': 32.11394701406218}","218, בני אפרים, נאות אפקה א, תל אביב - יפו, מעוז אביב ב, תל אביב-יפו, נפת תל אביב, מחוז תל אביב, 4704356, ישראל"
341,ברזית גליל,B10,False,,"{'x': 34.77335924603782, 'y': 32.09206021041362}","בית ספר גורדון, ויתקין, תל אביב - יפו, הצפון הישן - החלק הצפוני, תל אביב-יפו, נפת תל אביב, מחוז תל אביב, 6340506, ישראל"
342,ברזית גליל,B10,False,,"{'x': 34.805140954509135, 'y': 32.06165218713672}","103, השלום, תל אביב - יפו, תל חיים, תל אביב-יפו, נפת תל אביב, מחוז תל אביב, 6767589, ישראל"
343,ברזית גליל,B10,False,,"{'x': 34.80580629049818, 'y': 32.06107826206749}","דרך השלום, 105, השלום, תל אביב - יפו, רמת הטייסים, תל אביב-יפו, נפת תל אביב, מחוז תל אביב, 5223403, ישראל"
344,ברזית גליל,B10,False,,"{'x': 34.76493655677845, 'y': 32.060718973987115}","9, יחיאלי, תל אביב - יפו, נוה צדק, תל אביב-יפו, נפת תל אביב, מחוז תל אביב, 6812509, ישראל"
345,ברזית גליל,B10,False,,"{'x': 34.76429658043591, 'y': 32.060696878050294}","Suzanne Dellal Center for Dance and Theater, 5, יחיאלי, תל אביב - יפו, נוה צדק, תל אביב-יפו, נפת תל אביב, מחוז תל אביב, 6811834, ישראל"
346,ברזית גליל,B10,False,,"{'x': 34.78287817609106, 'y': 32.05088840113842}","19, גולומב, תל אביב - יפו, שפירא, תל אביב-יפו, נפת תל אביב, מחוז תל אביב, 6775393, ישראל"
347,ברזית גליל,B10,False,,"{'x': 34.789673777141836, 'y': 32.058892921071006}","34, המעפילים, יד אליהו, תל אביב - יפו, יד אליהו, תל אביב-יפו, נפת תל אביב, מחוז תל אביב, 6775393, ישראל"
348,ברזית גליל,B10,False,,"{'x': 34.78141452958186, 'y': 32.0418281085804}","4, אופטושו, תל אביב - יפו, קרית שלום, תל אביב-יפו, נפת תל אביב, מחוז תל אביב, 6775393, ישראל"
349,ברזית גליל,B10,False,,"{'x': 34.81051838420077, 'y': 32.04885764582027}","20, מח""ל, תל אביב - יפו, ניר אביב, תל אביב-יפו, נפת תל אביב, מחוז תל אביב, 6767589, ישראל"
350,ברזית גליל,B10,False,,"{'x': 34.79389022160409, 'y': 32.1301088474419}","8, שאול אביגור, תל אביב - יפו, צוקי אביב, תל אביב-יפו, נפת תל אביב, מחוז תל אביב, 6946032, ישראל"
351,ברזית גליל,B10,True,,"{'x': 34.79274454428621, 'y': 32.07940398658169}","22, דפנה, הצפון החדש - החלק הדרומי, תל אביב - יפו, הצפון החדש, תל אביב-יפו, נפת תל אביב, מחוז תל אביב, 5268101, ישראל"
352,ברזית גליל,B10,True,,"{'x': 34.79367075008956, 'y': 32.081880010134476}","40, דפנה, הצפון החדש - החלק הדרומי, תל אביב - יפו, הצפון החדש, תל אביב-יפו, נפת תל אביב, מחוז תל אביב, 5268101, ישראל"
353,ברזית גליל,B10,False,,"{'x': 34.800450605228235, 'y': 32.05012313222016}","5, מח""ל, כפיר, תל אביב - יפו, נווה כפיר, תל אביב-יפו, נפת תל אביב, מחוז תל אביב, 6767589, ישראל"
354,ברזית גליל,B10,False,,"{'x': 34.80440611767797, 'y': 32.04929321941368}","35, מח""ל, נוה ברבור, כפר שלם מערב, תל אביב - יפו, כפר שלם, תל אביב-יפו, נפת תל אביב, מחוז תל אביב, 6767589, ישראל"
355,ברזית גליל,B10,False,,"{'x': 34.801508871485076, 'y': 32.047457905688525}","8, הרב אלנקוה, כפיר, תל אביב - יפו, לבנה, ידידיה, תל אביב-יפו, נפת תל אביב, מחוז תל אביב, 6767589, ישראל"
356,ברזית גליל,B10,False,,"{'x': 34.83476023717563, 'y': 32.12173982714422}","71, צה""ל, תל אביב - יפו, צהלה, תל אביב-יפו, נפת תל אביב, מחוז תל אביב, 6962343, ישראל"
357,ברזית גליל,B10,False,,"{'x': 34.747018516923156, 'y': 32.03747732890729}","45, קידרון, תל אביב - יפו, יפו, תל אביב-יפו, נפת תל אביב, מחוז תל אביב, 6806546, ישראל"
358,ברזית גליל,B10,False,,"{'x': 34.75926377085887, 'y': 32.03982175762213}","18א, נחל עוז, תל אביב - יפו, יפו, תל אביב-יפו, נפת תל אביב, מחוז תל אביב, 6807644, ישראל"
359,ברזית גליל,B10,True,,"{'x': 34.839138133721605, 'y': 32.111422865250915}","24, ראול ולנברג, רמת החייל, תל אביב - יפו, אזור תעשייה עבר הירקון, תל אביב-יפו, נפת תל אביב, מחוז תל אביב, 6971001, ישראל"
360,ברזית גליל,B10,False,,"{'x': 34.764022290433196, 'y': 32.04180905083039}","34, שביל אופנידן איילון, תל אביב - יפו, יפו, תל אביב-יפו, נפת תל אביב, מחוז תל אביב, 6811156, ישראל"
361,ברזית גליל,B10,False,,"{'x': 34.775251115231505, 'y': 32.04858577945288}","96, קיבוץ גלויות, תל אביב - יפו, קרית שלום, תל אביב-יפו, נפת תל אביב, מחוז תל אביב, 6775393, ישראל"
362,ברזית גליל,B10,False,,"{'x': 34.8117873130044, 'y': 32.04579421259042}","5, הרצפלד, תל אביב - יפו, ניר אביב, תל אביב-יפו, נפת תל אביב, מחוז תל אביב, 6767589, ישראל"
363,ברזית גליל,B10,False,,"{'x': 34.81206744494741, 'y': 32.046015171531685}","24, הרצפלד, תל אביב - יפו, ניר אביב, תל אביב-יפו, נפת תל אביב, מחוז תל אביב, 6767589, ישראל"
364,ברזית גליל,B10,False,,"{'x': 34.83434684784525, 'y': 32.113030059141394}","11, דוד טריטש, רמת החייל, תל אביב - יפו, ישגב, תל אביב-יפו, נפת תל אביב, מחוז תל אביב, 6971001, ישראל"
365,ברזית גליל,B10,False,,"{'x': 34.81657937081112, 'y': 32.11097078505198}","202, בני אפרים, הדר-יוסף, תל אביב - יפו, מעוז אביב ב, תל אביב-יפו, נפת תל אביב, מחוז תל אביב, 4704356, ישראל"
366,ברזית גליל,B10,False,,"{'x': 34.75459850872124, 'y': 32.051685521177454}","21, רבי חנינא, תל אביב - יפו, יפו, תל אביב-יפו, נפת תל אביב, מחוז תל אביב, 6803608, ישראל"
367,ברזית גליל,B10,False,,"{'x': 34.76109700814253, 'y': 32.047726204500634}","המכללה האקדמית תל אביב יפו, רבנו ירוחם, תל אביב - יפו, יפו, תל אביב-יפו, נפת תל אביב, מחוז תל אביב, 6811156, ישראל"
368,ברזית גליל,B10,False,,"{'x': 34.780050074896046, 'y': 32.06753304716644}","2, לינקולן, תל אביב - יפו, לב תל-אביב, תל אביב-יפו, נפת תל אביב, מחוז תל אביב, 6713521, ישראל"
369,ברזית גליל,B10,False,,"{'x': 34.80925612322003, 'y': 32.0551221599007}","60, הטייסים, אורות, תל אביב - יפו, נוה חן, תל אביב-יפו, נפת תל אביב, מחוז תל אביב, 6767589, ישראל"
370,ברזית גליל,B10,False,,"{'x': 34.81329618107924, 'y': 32.05105999278548}","90, הטייסים, תל אביב - יפו, נוה חן, תל אביב-יפו, נפת תל אביב, מחוז תל אביב, 6767589, ישראל"
371,ברזית גליל,B10,False,,"{'x': 34.80149056706189, 'y': 32.12304046147643}","דוד בוקשפן, תל אביב - יפו, 'רמת אביב ג, תל אביב-יפו, נפת תל אביב, מחוז תל אביב, 6946032, ישראל"
372,ברזית גליל,B10,False,,"{'x': 34.76720693204259, 'y': 32.06724016670525}","שוק הכרמל, 48, הכרמל, כרם התימנים, תל אביב - יפו, לב תל-אביב, תל אביב-יפו, נפת תל אביב, מחוז תל אביב, 6560475, ישראל"
373,ברזית גליל,B10,False,,"{'x': 34.814791972712776, 'y': 32.120729147480986}","6א, מרדכי רומנו, תל ברוך, תל אביב - יפו, תל ברוך, תל אביב-יפו, נפת תל אביב, מחוז תל אביב, 4704356, ישראל"
374,ברזית גליל,B10,False,,"{'x': 34.757011916067, 'y': 32.05049665541903}","16, מגן אברהם, תל אביב - יפו, יפו, תל אביב-יפו, נפת תל אביב, מחוז תל אביב, 6803608, ישראל"
375,ברזית גליל,B10,False,,"{'x': 34.77478837936694, 'y': 32.0576333942557}","22, צ'לנוב, נווה שאנן, תל אביב - יפו, קריית שלום, תל אביב-יפו, נפת תל אביב, מחוז תל אביב, 6606110, ישראל"
376,ברזית גליל,B10,False,,"{'x': 34.75448367403549, 'y': 32.03763662716548}","2, הבעש""ט, חולון, נאות רחל, חולון, נפת תל אביב, מחוז תל אביב, 5823707, ישראל"
377,ברזיה מרובעת,B11,True,,"{'x': 34.79320145464876, 'y': 32.084434487364554}","10, פייבל, הצפון החדש - סביבת ככר המדינה, תל אביב - יפו, הצפון החדש, תל אביב-יפו, נפת תל אביב, מחוז תל אביב, 5268101, ישראל"
378,ברזיה מרובעת,B11,False,,"{'x': 34.790847245306175, 'y': 32.07013460951995}","19, שדרות יהודית, מונטיפיורי, תל אביב - יפו, ביצרון, תל אביב-יפו, נפת תל אביב, מחוז תל אביב, 6701203, ישראל"
379,ברזיה מרובעת,B11,True,,"{'x': 34.78028949230089, 'y': 32.075872713367964}","18, שדרות הנביאים, הצפון הישן - החלק הדרומי, תל אביב - יפו, גני שרונה, תל אביב-יפו, נפת תל אביב, מחוז תל אביב, 6473702, ישראל"
380,ברזיה מרובעת,B11,True,,"{'x': 34.78025502054672, 'y': 32.0779985624945}","40, שדרות ח""ן, הצפון הישן - החלק הדרומי, תל אביב - יפו, גני שרונה, תל אביב-יפו, נפת תל אביב, מחוז תל אביב, 6437701, ישראל"
381,ברזיה מרובעת,B11,False,,"{'x': 34.76109700814253, 'y': 32.047726204500634}","המכללה האקדמית תל אביב יפו, רבנו ירוחם, תל אביב - יפו, יפו, תל אביב-יפו, נפת תל אביב, מחוז תל אביב, 6811156, ישראל"
382,ברזיה מרובעת,B11,False,,"{'x': 34.75610811199665, 'y': 32.03586697741505}","14, הרב הלר חיים, תל אביב - יפו, יפו, תל אביב-יפו, נפת תל אביב, מחוז תל אביב, 6807644, ישראל"
383,ברזיית עלה,B14,False,,"{'x': 34.76175081101553, 'y': 32.040073506333385}","59, היינריך היינה, תל אביב - יפו, יפו, תל אביב-יפו, נפת תל אביב, מחוז תל אביב, 6811156, ישראל"
384,ברזיית עלה,B14,False,,"{'x': 34.818629042608926, 'y': 32.11419690282965}","קהילת קייב, נאות אפקה א, תל אביב - יפו, מעוז אביב ב, תל אביב-יפו, נפת תל אביב, מחוז תל אביב, 5259408, ישראל"
385,ברזיית עלה,B14,False,,"{'x': 34.79566442295585, 'y': 32.06225999884576}","8, המערכה, יד אליהו, תל אביב - יפו, יד אליהו, תל אביב-יפו, נפת תל אביב, מחוז תל אביב, 6777517, ישראל"
386,ברזיית עלה,B14,False,,"{'x': 34.75570533770833, 'y': 32.0358638574731}","10, הרב הלר חיים, תל אביב - יפו, יפו, תל אביב-יפו, נפת תל אביב, מחוז תל אביב, 6807644, ישראל"
387,ברזית פטריה,B15,False,,"{'x': 34.80027693824918, 'y': 32.05026235657168}","3, מח""ל, כפיר, תל אביב - יפו, נווה כפיר, תל אביב-יפו, נפת תל אביב, מחוז תל אביב, 6767589, ישראל"
388,ברזית פטריה,B15,False,,"{'x': 34.76397509930149, 'y': 32.05786671294407}","35, אילת, תל אביב - יפו, נוה צדק, תל אביב-יפו, נפת תל אביב, מחוז תל אביב, 6811834, ישראל"
389,קולר,B16,False,,"{'x': 34.77319892292155, 'y': 32.09264582516306}","275, הירקון, תל אביב - יפו, הצפון הישן - החלק הצפוני, תל אביב-יפו, נפת תל אביב, מחוז תל אביב, 6343527, ישראל"
390,קולר,B16,False,,"{'x': 34.796405446188416, 'y': 32.06110556022049}","27, שדרות יד לבנים, יד אליהו, תל אביב - יפו, יד אליהו, תל אביב-יפו, נפת תל אביב, מחוז תל אביב, 6777517, ישראל"
391,קולר,B16,False,,"{'x': 34.748612382036235, 'y': 32.04179601123239}","2, שתי האחיות, תל אביב - יפו, יפו, תל אביב-יפו, נפת תל אביב, מחוז תל אביב, 6806546, ישראל"
392,קולר,B16,False,,"{'x': 34.79783306150407, 'y': 32.089449564528046}","3, דוש (קריאל גרדוש), תל אביב - יפו, צמרות איילון, תל אביב-יפו, נפת תל אביב, מחוז תל אביב, 5268104, ישראל"
393,קולר,B16,True,,"{'x': 34.786359942351226, 'y': 32.11490679935276}","33, יצחק בשביס זינגר, נופי ים, תל אביב - יפו, רמת אביב החדשה, תל אביב-יפו, נפת תל אביב, מחוז תל אביב, 6946032, ישראל"
394,ברזיה מרובעת,B11,True,,"{'x': 34.7911579847017, 'y': 32.08741275385073}","48, ה' באייר, הצפון החדש - סביבת ככר המדינה, תל אביב - יפו, הצפון החדש, תל אביב-יפו, נפת תל אביב, מחוז תל אביב, 6296802, ישראל"
